:020000040800F2
:10000000D0510224750400080FEA000845B9000821
:1000100009E90008BB0F0008956201080000000014
:10002000000000000000000000000000B503000810
:100030003128000800000000110400083D170108E5
:100040009304000893040008930400089304000834
:100050009304000893040008930400089304000824
:10006000930400089304000893040008451E000848
:10007000551E0008651E0008751E0008851E000834
:10008000930400089304000893040008952B0008CB
:10009000B52B0008A52B0008C52B00089304000809
:1000A00093040008930400089304000893040008D4
:1000B0003919010893040008930400089304000808
:1000C00093040008930400089304000893040008B4
:1000D00019100108C1360108C9370108D1380108D3
:1000E0009304000893040008000000004919010867
:1000F000930400089304000893040008951E000868
:100100009304000893040008930400089304000873
:10011000930400085D290108930400089304000873
:10012000A51E000893040008930400089304000827
:10013000B51E000893040008930400089304000807
:1001400000000000000000000000000000000000AF
:100150009304000893040008930400089304000823
:100160009304000893040008930400089304000813
:100170009304000845F00008930400080000000004
:1001800093040008930400089304000893040008F3
:1001900093040008930400089304000893040008E3
:1001A0009304000893040008930400080000000072
:1001B00093040008930400089304000893040008C3
:1001C00093040008930400080000000000000000F1
:1001D0000000000000000000930400080000000080
:1001E000000000000000000000000000000000000F
:1001F00000000000000000009304000893040008C1
:100200009304000893040008000000009304000811
:100210009304000893040008930400089304000862
:100220009304000800000000930400080000000090
:1002300093040008930400080000000093040008E1
:100240009304000893040008930400089304000832
:100250009304000893040008930400089304000822
:100260009304000893040008930400089304000812
:1002700093040008930400089304000800000000A1
:1002800093040008930400089304000893040008F2
:100290000000000093040008930400080000000020
:1002A0000000000093040008930400089304000871
:1002B000930400089304000893040008D52B000859
:1002C000E52B0008930400089304000800F002F8EE
:1002D00000F060F80AA090E8000C82448344AAF180
:1002E0000107DA4501D100F055F8AFF2090EBAE87E
:1002F0000F0013F0010F18BFFB1A43F0010318475A
:10030000189F0100389F01000A444FF0000C10F8BC
:10031000013B13F0070408BF10F8014B1D1108BF83
:1003200010F8015B641E05D010F8016B641E01F823
:10033000016BF9D113F0080F1EBF10F8014BAD1C73
:100340000C1B09D16D1E58BF01F801CBFAD505E091
:1003500014F8016B01F8016B6D1EF9D59142D6D3EB
:10036000704700000023002400250026103A28BF13
:1003700078C1FBD8520728BF30C148BF0B60704717
:100380001FB518F011FE9DE8030000F043FA1FBDF1
:1003900010B510BD00F0AAFA1146FFF7F1FF17F0F3
:1003A000DFFB00F0C8FA03B4FFF7F2FF03BC00F074
:1003B000F9FA00002C4B19680868B0E8F04F80F398
:1003C0000988BFF36F8F4FF0000080F311887047EA
:1003D0000000000008480068006880F308884FF0BB
:1003E000000080F3148862B661B6BFF34F8FBFF38D
:1003F0006F8F00DF00BF00BF08ED00E0DFF80C00EA
:10040000016841F470010160704700BF88ED00E0B1
:10041000EFF30980BFF36F8F134B1A681EF0100FB4
:1004200008BF20ED108A20E9F04F106009B44FF0AA
:10043000500080F31188BFF34F8FBFF36F8F18F018
:1004400015FA4FF0000080F3118809BC196808689C
:10045000B0E8F04F1EF0100F08BFB0EC108A80F328
:100460000988BFF36F8F7047D0000024EFF3058039
:10047000704700000A4880470A4880470A480047FA
:10048000FEE7FEE7FEE7FEE7FEE7FEE7FEE7FEE744
:10049000FEE7FEE705480649064A074B704700009D
:1004A000712B00082D180108CD020008D0F101249D
:1004B000D0510224D0210224D021022470B5064656
:1004C00000F08CF9056806F10B0020F00704B44237
:1004D0009CBF002070BD2B466A68BAB11068A0426C
:1004E00010D304F1080188423CBF5068586007D31C
:1004F0005168101941601168091B0160586014604F
:10050000101D70BD13465268002AE7D121462846C7
:1005100000F06CF90028DED170BD70B50446051FEF
:1005200000F05CF90068002C14BF446870BD002C1A
:1005300018BFAC423CBF20466468F8D301680A1873
:10054000AA4218BF456003D12A68054611440160DC
:1005500028684119A1421CBF6C6070BD6168696068
:1005600021680844286070BD53EA020C00F06980DD
:100570002DE9F04B4FF00006002B1FBFB3FA83F5B7
:1005800003FA05F424FA05F65E4012BF1643B2FAE8
:1005900082F502FA05F4C5F120051EBF22FA05FC1A
:1005A00044EA0C04203556EA044C4FEA144418BFC0
:1005B000641C4FF000084FF00009904271EB030CEF
:1005C00039D3002919BFB1FA81F701FA07F6B0FA59
:1005D00080F700FA07F6C7F120071EBF20FA07FCD4
:1005E00046EA0C062037B6FBF4FCA7EB0507103FE4
:1005F00007F01F0BCBF120060CFA0BFB2CFA06F6CA
:1006000044BFB3460026202FA4BF5E464FF0000B28
:100610005BEA060C08BF4FF0010B19EB0B09ABFBB3
:10062000027C48EB0608C01B06FB02CC0BFB03CC8C
:1006300071EB0C01C1E70B46024641464846BDE856
:10064000F08B13B54FF000004FF00001AFF30080C6
:10065000BDE81C407047032A40F2308010F0030CC4
:1006600000F0158011F8013BBCF1020F624498BF05
:1006700011F801CB00F8013B38BF11F8013BA2F1A2
:10068000040298BF00F801CB38BF00F8013B11F01D
:10069000030300F02580083AC0F0088051F8043BBD
:1006A000083A51F804CBA0E80810F5E7121D5CBF2A
:1006B00051F8043B40F8043BAFF30080D20724BF5D
:1006C00011F8013B11F801CB48BF11F8012B24BFF1
:1006D00000F8013B00F801CB48BF00F8012B704740
:1006E00010B5203AC0F00B80B1E81850203AA0E8CD
:1006F0001850B1E81850A0E81850BFF4F5AF5FEA01
:10070000027C24BFB1E81850A0E8185044BF18C9B3
:1007100018C0BDE810405FEA827C24BF51F8043B5A
:1007200040F8043B08BF7047D20728BF31F8023BAE
:1007300048BF11F8012B28BF20F8023B48BF00F842
:10074000012B70474FF000020429C0F0128010F016
:10075000030C00F01B80CCF1040CBCF1020F18BF9D
:1007600000F8012BA8BF20F8022BA1EB0C0100F030
:100770000DB85FEAC17C24BF00F8012B00F8012B03
:1007800048BF00F8012B70474FF0000200B5134638
:1007900094469646203922BFA0E80C50A0E80C50A1
:1007A000B1F12001BFF4F7AF090728BFA0E80C5052
:1007B00048BF0CC05DF804EB890028BF40F8042B4B
:1007C00008BF704748BF20F8022B11F0804F18BFB8
:1007D00000F8012B7047704770477047004870471A
:1007E00078F10124704770477047704738B5044668
:1007F0000A4600206946AFF30080002808BF38BDD4
:1008000002460099204600F04FF8012038BD012033
:1008100000F064B8F8B5AFF30080054600200C4640
:10082000102000BF0646A819A0420DD932466946DD
:100830000020AFF30080070008BF00F04FF80098D9
:10084000A04218BF0546C419FFF7C8FF0560074658
:10085000F01D20F007004619284600F00AF8B442BF
:1008600008BFF8BDA21B31463868BDE8F84000F06B
:100870001BB800210160C0E90110704710207047CB
:1008800010B500F00DF8006810BD10B5044600F07A
:1008900007F8046010BD00000048704770F10124A3
:1008A0000048704770F10124034640688C460028D8
:1008B00018BF88423CBF03464068F8D31868184404
:1008C000884207D00CF1030020F00700001D411AF8
:1008D000521A0146081D0A60FFF71FBE10B500F04E
:1008E00039F8BDE8104000F02FB870477546FFF7A3
:1008F000D3FFAE4605006946534620F00700854603
:1009000018B020B5FFF7C6FDBDE820404FF0000647
:100910004FF000074FF000084FF0000B21F00701E7
:10092000AC46ACE8C009ACE8C009ACE8C009ACE82A
:10093000C0098D46704710B50446AFF300802046CD
:10094000BDE81040FFF72FBD002801D000F02AB805
:100950007047000010B5012805D0002103A000F069
:1009600027F8012010BD09A1F8E7000053494752BC
:10097000544D454D3A204F7574206F66206865616F
:1009800070206D656D6F7279000000003A20486537
:100990006170206D656D6F727920636F7272757012
:1009A0007465640001491820ABBEFEE72600020012
:1009B00070B505460C460A2000E06D1C00F011F8E9
:1009C00035B128780028F8D102E0641C00F009F85D
:1009D00014B120780028F8D1BDE870400A20AFF3A8
:1009E000008008B569468DF800000320ABBE08BD45
:1009F00070B505460C4600260DB1022C00D870BD1E
:100A0000A11E06480288284602F076FB0646A01E74
:100A10002E54310A601E295400BFF0E71806002446
:100A200010B501221146024805F0D2FC10BD0000AD
:100A30000008025810B500220121024805F0C8FC48
:100A400010BD00000008025810B50122082102481C
:100A500005F0BEFC10BD00000008025810B50022D1
:100A60000821024805F0B4FC10BD0000000802583F
:100A700010B50446FFF7DEFF922000F0A5F906222C
:100A80009549122000F080F9FFF7CAFF924840789C
:100A9000000200B29049097808439049088008464E
:100AA000B0F9000000EE100AB8EEC00A8C48D0ED94
:100AB000000A20EE200AD4ED080A20EE200A84ED78
:100AC000000A8548C078000200B28349897808434B
:100AD000824908800846B0F9000000EE100AB8EE1E
:100AE000C00A7F48D0ED000A20EE200AD4ED080AA3
:100AF00020EE200A84ED010A77484079000200B216
:100B0000754909790843754908800846B0F900001D
:100B100000EE100AB8EEC00A7148D0ED000A20EECF
:100B2000200AD4ED080A20EE200A84ED020AFFF71D
:100B300095FF08226849002000F026F9FFF784FF9E
:100B4000654800780F284FD166480078F0B36248B6
:100B5000C078000200B26049897808435F49088084
:100B600094ED090A0846B0F9000000EE900AF8EE8C
:100B7000E00A5D4890ED001A10EE810A84ED030A48
:100B800055484079000200B2534909790843534956
:100B9000088094ED0A0A0846B0F9000000EE900AB9
:100BA000F8EEE00A504890ED001A10EE810A84ED4C
:100BB000040A4948C079000200B2474989790843CC
:100BC0004649088094ED0B0A084600E00DE0B0F9B4
:100BD000000000EE900AF8EEE00A434890ED001A9B
:100BE00010EE810A84ED050A44E03B48C07800021B
:100BF00000B2394989780843384908800846B0F975
:100C0000000000EE100AB8EEC00A3748D0ED000A26
:100C100020EE200A84ED030A2F484079000200B23A
:100C20002D49097908432D4908800846B0F900008C
:100C300000EE100AB8EEC00A2B48D0ED000A20EEF4
:100C4000200A84ED040A2448C079000200B2224937
:100C500089790843214908800846B0F9000000EE70
:100C6000100AB8EEC00A2048D0ED000A20EE200A93
:100C700084ED050AFFF7DEFEA22000F0A5F80222AF
:100C80001549222000F080F8FFF7CAFE12480078CC
:100C9000C0001149497840EA6110104908800846AF
:100CA000B0F90000B0F5806F05DB08460088A0F5BC
:100CB000006000B208800948B0F9000000EE100A98
:100CC000F8EEC00AB4EE001AB3EE070A00EE810A8D
:100CD00084ED070A10BD0000CA060024D2060024D5
:100CE0008C0600249C0600249006002470B504465F
:100CF0000D461C48046000201B49087016F074FA69
:100D00001949097808431849087016F023FB164959
:100D100009780843144908701DB1144800F074FAAA
:100D20001CE09FED130A114880ED090A9FED110A9E
:100D300080ED0A0A9FED100A80ED0B0A9FED0F0A65
:100D400080ED0C0A90ED0C0ADFED0D0A80EE801AA2
:100D500080ED081A9FED0B0A80ED060A0248007824
:100D600070BD0000D406002496060024F4EF012490
:100D70008A0B843A5979833BA8D2A93B04F81D41D8
:100D800011C71C410000204270B506460C461546AE
:100D900046F0800000F018F806E0552000F014F846
:100DA0002070641C681EC5B2002DF6D170BD70B5F0
:100DB00004460D4644F0800000F006F8552000F08F
:100DC00003F8287070BD000001B582B04FF47A704E
:100DD000012301AA02A900900348006808F0FAFD67
:100DE0009DF804000EBD0000D406002470B5054631
:100DF0000C462846FFF7E8FF2046FFF7E5FF70BDE9
:100E000010B50421064809F04FFC322105480EF0C8
:100E1000C3FD0422044903480EF090FD10BD0000FC
:100E2000640D0024E4CD0124F8CD012470B50546FD
:100E30000E46002405E005EB840107480EF081FD15
:100E4000641CB442F7DB0023022219460348006801
:100E500017F096FE70BD0000E4CD012430000024A0
:100E6000D2ED020A92ED021AB6EE000A00EEC10AB5
:100E7000D2ED030A92ED031A00EEC10AD0ED000A8A
:100E800020EE200AD2ED010A92ED021A60EE810AEC
:100E900092ED001AD2ED031A41EE610A90ED011AAB
:100EA00000EE810AD2ED010A92ED031A60EE810A8A
:100EB00092ED001AD2ED021A41EE210A90ED021ACB
:100EC00000EE810AF0EE000A20EE200A81ED000A11
:100ED00092ED010AD2ED020A20EE200AD2ED000ABC
:100EE00092ED031A00EE810AD0ED000A60EE200AAE
:100EF00092ED011AD2ED011AB6EE000A01EE610A76
:100F0000D2ED031A92ED032AB0EE401A01EEC21A96
:100F1000D0ED011AB0EE600A01EE210AD2ED020A0C
:100F200092ED031A60EE810A92ED001AD2ED011AD9
:100F300041EE610A90ED021A00EE810AF0EE000A1D
:100F400020EE200A81ED010A92ED010AD2ED030A9A
:100F500020EE200AD2ED000A92ED021A00EEC10A3C
:100F6000D0ED000A20EE200AD2ED020A92ED031A1B
:100F700060EE810A92ED001AD2ED011A41EE210ACB
:100F800090ED011A00EE810A92ED011AD2ED011ADC
:100F9000F6EE000A41EE610A92ED021AD2ED021A53
:100FA00041EE610A90ED021A00EE810AF0EE000AAD
:100FB00020EE200A81ED020A704700BFFEE700BF65
:100FC00000BF00BF7047000070B504460D462068A2
:100FD000112807D12946054801F02AFA0C2001F012
:100FE00009FD00E000BF00BF70BD00008CBE012401
:100FF000F8B505460C462868A0F20120D0B10128BA
:1010000031D1A07940B200906079267940EA06207B
:1010100003B2E078A67840EA062002B2607826782B
:1010200040EA062001B211480DF0EAFC0A2001F066
:10103000E1FC19E0A07940B200906079267940EA9D
:10104000062003B2E078A67840EA062002B2607873
:10105000267840EA062001B205480DF0D1FC0B20AD
:1010600001F0C8FC00E000BF00BFF8BD80C801244B
:1010700098C9012400B589B0002001900290022097
:1010800003900120049000200590069001A92648B5
:1010900004F007FA0020034602221146009022487D
:1010A00004F053FA002201211F4804F027F901221D
:1010B00011461D4804F0BFF91B4805F06CF801A962
:1010C0001A4804F0EEF9002003460222114600906F
:1010D000164804F03AFA01221146144804F0ABF91C
:1010E00000220121114804F009F9104805F053F8D5
:1010F00001A90F4804F0D5F9002003460222114649
:1011000000900B4804F021FA01221146084804F02F
:1011100092F900220121064804F0F0F8044805F095
:101120003AF809B000BD000074090024140A002434
:10113000B40A00240346042B15D007DC7BB1012B35
:101140000ED0022B0DD0032B12D10BE0202B0BD095
:10115000212B0AD0222B09D0232B09D107E008E04C
:1011600007E006E005E004E003E002E001E000E063
:1011700000BF00BF002070470020704710B500225C
:101180000449054812F047FE0449034812F034FEB2
:10119000002010BDF81F00241C130024F8170024A1
:1011A00070B504460D462146054812F025FE044858
:1011B00012F0EEFD2046296815F0E6F8002070BD1B
:1011C0001C13002410B503460C460021084610BD30
:1011D0002DE9F04104460D4600260A48D0F8BC72BD
:1011E000D7F8140210B10120BDE8F0812A4621464B
:1011F000044812F010FE034812F0C0FE06463046C6
:10120000F2E700001C13002470B52DED048B88B0AC
:10121000044600200690079001F044FAFE4880ED55
:10122000000A00BF01F03EFAFB48D0ED000A30EEA4
:10123000600AF2EE040AB4EEE00AF1EE10FA14DDF0
:101240009FEDF60A84ED090A9FEDF50A84ED0A0A7E
:101250009FEDF40A84ED0B0A9FEDF30A84ED0C0A6E
:101260009FEDF20A84ED060A57E29FEDF10A01F0C4
:10127000D5F99FEDF00A84ED0C0A9FEDEE0A84ED9E
:10128000090A9FEDEC0A84ED0A0A9FEDEA0A84ED53
:101290000B0A002673E1FFF7CDFB9220FFF794FDC8
:1012A000062206A91220FFF76FFDFFF7B9FB9DF894
:1012B0001900000200B29DF8181040EA010500EE86
:1012C000105AB8EEC00ADC48D0ED000A20EE200A21
:1012D00084ED000A9DF81B00000200B29DF81A1070
:1012E00040EA010500EE105AB8EEC00AD248D0ED2F
:1012F000000A20EE200A84ED010A9DF81D0000027C
:1013000000B29DF81C1040EA010500EE105AB8EE3C
:10131000C00AC948D0ED000A20EE200A84ED020A76
:10132000D4ED000A60EEA00A94ED011AD4ED011A82
:1013300041EE210A94ED021AD4ED021A41EE210A7F
:10134000B0EE600A15F0BEFCB0EE408A94ED0C0AD7
:1013500030EE080A84ED0C0AFFF780FB082206A98C
:101360000020FFF711FDFFF76FFB9DF818000F2815
:1013700050D19DF81B00000200B29DF81A1040EAFF
:10138000010500EE105AB8EEC00AAC48D0ED000AD4
:1013900020EE200A84ED030A94ED090AD4ED030A35
:1013A00030EE200A84ED090A9DF81D00000200B20B
:1013B0009DF81C1040EA010500EE105AB8EEC00A74
:1013C0009E48D0ED000A20EE200A84ED040A94ED38
:1013D0000A0AD4ED040A30EE200A84ED0A0A9DF8C8
:1013E0001F00000200B29DF81E1040EA010500EE49
:1013F000105AB8EEC00A9148D0ED000A20EE200A3B
:1014000084ED050A94ED0B0AD4ED050A30EE200AAE
:1014100084ED0B0A06BBF0EE488AB0EE489A002035
:1014200017E004F10C0101EB800191ED000A03A922
:1014300001EB800181ED000A04F10C0101EB800158
:1014400091ED000A694601EB800181ED000A411C23
:10145000C8B20328E5DB49E0B4EEE88AF1EE10FA01
:1014600001DDF0EE488AB4EEC98AF1EE10FA01D23D
:10147000B0EE489A002037E004F10C0101EB800146
:1014800091ED000A03A901EB8001D1ED000AB4EE51
:10149000E00AF1EE10FA0ADD04F10C0101EB800123
:1014A00091ED000A03A901EB800181ED000A04F12E
:1014B0000C0101EB800191ED000A694601EB80010E
:1014C000D1ED000AB4EEE00AF1EE10FA0AD204F10E
:1014D0000C0101EB800191ED000A694601EB8001EE
:1014E00081ED000A411CC8B20328C5DB38EEC90AE9
:1014F000534880ED000A002012E003A901EB8001AF
:1015000091ED000A694601EB8001D1ED000A30EE51
:10151000600A4C4901EB800181ED000A411CC8B210
:101520000328EADB464890ED000AF6EE000AB4EE26
:10153000E00AF1EE10FA1BDC424890ED000ADFED04
:10154000420AB4EEE00AF1EE10FA11DC90ED010A65
:10155000DFED3D0AB4EEE00AF1EE10FA08DC90EDA2
:10156000020ADFED390AB4EEE00AF1EE10FA00DD0E
:101570000AE09FED360A01F051F8701C86B234483B
:1015800000888642FFF687AE00BFD4ED0C0A3048D3
:10159000008800EE100AB8EE400A80EE801A84ED52
:1015A0000C1A002015E004F1240101EB8001D1EDBB
:1015B000000A2749098800EE101AB8EE400A80EEAA
:1015C000801A04F1240101EB800181ED001A411C15
:1015D000C8B20328E7DBFFF72DFAA220FFF7F4FBE0
:1015E000022206A92220FFF7CFFBFFF719FA9DF888
:1015F0001800C0009DF8191040EA6115B5F5806F1C
:1016000002DBA5F5006005B200EE105AF8EEC00A44
:10161000B4EE001A1EE00000C40600248A0B843ACF
:101620005979833BA8D2A93B04F81D410000204210
:101630000AD7A33B000000008C060024900600247B
:1016400098060024E8EF01249A99193E6F12033A94
:10165000C8060024B3EE070A00EE810A84ED060AEC
:1016600034480088401C00B232490880324890ED6E
:10167000000AF6EE000AB4EEE00AF1EE10FA3FF7C7
:10168000D1AD94ED0C0ADFED2D0A30EE600AB0EE1C
:10169000C00AF6EE000AB4EEE00AF1EE10FAEEDC53
:1016A000274890ED000A5FED180AB4EEE00AF1EE6B
:1016B00010FAE4DC90ED010A5FED1D0AB4EEE00AD9
:1016C000F1EE10FADBDC90ED020A5FED210AB4EED8
:1016D000E00AF1EE10FAD2DC94ED090AB0EEC00A8D
:1016E000DFED180AB4EEE00AF1EE10FAC7DC94ED73
:1016F0000A0AB0EEC00ADFED130AB4EEE00AF1EE1A
:1017000010FABCDC94ED0B0AB0EEC00ADFED0D0A56
:10171000B4EEE00AF1EE10FAB1DC00BF94ED0C0A71
:10172000DFED090A80EE801A84ED081A08B0BDECDE
:10173000048B70BD9E06002498060024CDCC1C416D
:10174000E8EF01240AD7233CC3F51C4110B54448F7
:10175000007BC0F34000C0B90020424981F8280056
:101760009FED410A084680ED030A9FED3F0A80ED98
:10177000060A9FED3D0A3D4880ED140A9FED3A0AA6
:1017800080ED180A002081F829003548007BC0F35D
:101790004000002837D0334890F82900002832D183
:1017A000002401F01DF92044C4B2012001F018F911
:1017B0002044C4B2022001F013F92044C4B2032033
:1017C00001F00EF92044C4B2BCB10020254981F8D3
:1017D00028009FED250A084680ED030A9FED220AA6
:1017E00080ED060A9FED200A204880ED140A9FED47
:1017F0001E0A80ED180A00F03FF81CB901201949B3
:1018000081F8290000BF1748B0F9020000EE100A65
:10181000B8EEC00ADFED160A80EE201A114880EDFE
:10182000041AD0ED040A90ED041AB3EE090A10EE82
:10183000810AF6EE000A20EE200AF2EE060A20EEF9
:10184000200A80ED050A90ED050ADFED0A0A80EE18
:10185000201A9FED070A21EE000A80ED070A10BD4D
:1018600003D30124C0CE012400000000ECBB0124FE
:101870000000C842001CDA447047000010B5012087
:10188000484908700020484981F850069FED470AF2
:10189000084680ED000A9FED460A80ED010A9FEDA3
:1018A000450A80ED020A9FED440A80ED030A9FED90
:1018B000420A80ED040A002180F80416394890F9A4
:1018C000000047F69D71A1EB4030A0F580403649FD
:1018D000C1F83C060846D0F83C06B0F5803F06DB70
:1018E0000846D0F83C06A0F58030C1F83C062E48EA
:1018F000D0F83C06002807DA2B48D0F83C0600F563
:1019000080302949C1F83C0640F20A512648C0F807
:1019100040169FED2A0A80ED0A0A9FED290A80ED04
:101920005E0A9FED280A80EDB20A9FED270A00F5B6
:10193000816080ED040ADFED200A9FED240A00F5A6
:10194000BE700FF033FEDFED1C0A9FED200A204829
:101950000FF02CFEDFED180A9FED1E0A1C483030F8
:101960000FF024FEDFED140A9FED1A0A184810301C
:101970000FF01CFEDFED100A9FED170A144820300F
:101980000FF014FE42F6E06107480187A0F88811C5
:10199000A0F8D812A0F8281400F020F800F0D4F82D
:1019A00010BD0000CF01002490B60124F6489E43EC
:1019B0009A59A14300007042000000009899F0413C
:1019C00000000E4300002A439C237F438FC2753CD6
:1019D00024BC0124CDCCCC3D9A99193E10B50024ED
:1019E0002BE0C4EBC40101EB4102334901EB0211CE
:1019F00001F15C009FED312ADFED311AB1EE081ADA
:101A0000DFED300AB2EE040A0DF066FEC4EBC4014D
:101A100001EB4102284901EB021101F124009FED85
:101A20002A2ADFED2A1A9FED271ADFED290A9FEDFA
:101A3000290A0DF051FE601CC4B2042CD1DB9FEDCD
:101A4000260A26480DF05DFEB2EE062AF7EE001AD1
:101A50009FED231ADFED230A9FED230A23480DF0A3
:101A60003BFE9FED232ADFED171A9FED161ADFEDDF
:101A7000150AB0EE080A1D483C380DF02DFE9FED0A
:101A8000110A0D485C300DF039FE9FED0E0A194821
:101A90000DF034FE9FED0B0A104828380DF02EFE95
:101AA0009FED080A14480DF029FE9FED140A0F4817
:101AB0000DF024FE10BD0000A8B6012400007A46F7
:101AC0000000FA450000000000A00C4600803B45E5
:101AD0000AD7A33C000032430000FA44CCB90124E9
:101AE0009A99193E6F12833ACDCCCC3EA0BC01240A
:101AF0000000A04254B80124F4BA0124CDCCCC3D5E
:101B000010B5012806D0022809D0042811D00828D1
:101B100014D109E001230B4C84F84C360FE0FF246C
:101B2000084B83F84E460AE00124064B83F84F46E3
:101B300005E0FF24034B83F84D4600E000BF00BFE3
:101B400010BD000090B6012410B5194B02220021EF
:101B50000F200EF06DFB174B032200210F200EF01B
:101B600067FB154B0222002140200EF061FB134B56
:101B700002220021D0010EF05BFB114B022200215A
:101B800080200EF055FB0F4B0322002140200EF069
:101B90004FFB0D4B032200214FF480700EF048FBE9
:101BA0000A4B0322002180200EF042FB10BD0000F2
:101BB000011B0008D11B0008E5DE000805DF000856
:101BC000A9DE0008F5DE000831DF0008D5DE0008D8
:101BD00010B5012806D0022809D0042811D0082801
:101BE00014D109E000230B4C84F84C360FE000249C
:101BF000084B83F84E460AE00024064B83F84F4614
:101C000005E00024034B83F84D4600E000BF00BF11
:101C100010BD000090B6012470B52DED028B5C481C
:101C20000FF0D4FC5A4810300FF0D0FC5848403028
:101C30000FF0CCFC574890F94C1690F94E0608442A
:101C400000EE900AF8EEE00A534890ED001A60EEBC
:101C5000810AB0EE600A4E4810300FF005FD4D4885
:101C600090F94F1690F94D06084400EE900AF8EEF0
:101C7000E00A494890ED001A60EE810AB0EE600A71
:101C800043480FF0F1FC0FF0F3FC0BF019FB462872
:101C900014DD00250FE0C5EBC50101EB41023D4914
:101CA000183101EB021101F184009FED3C0A0DF0A7
:101CB00028FD681CC5B2042DEDDB13E000250FE004
:101CC000C5EBC50101EB41023249183101EB0211AC
:101CD00001F184009FED320A0DF013FD681CC5B2BE
:101CE000042DEDDB41F64C542A4890ED000AD0ED6E
:101CF000010A30EE200AF1EE000A80EE208A00EEA2
:101D0000104AF8EE400A9FED271A80EE810A9FEDF7
:101D1000261AC0EE010AB0EE000A20EE800ADFEDBE
:101D2000230A20EE200AD0ED020A20EE200A00F25B
:101D30005C5080ED030A90ED030A80ED040ADFEDAC
:101D40001C0A80EE880A9FED171AC0EE010A9FED6B
:101D5000160A80EE801AB0EE000A21EE000ADFEDCE
:101D6000130A20EE200A0B48D0ED020A20EE200ACA
:101D7000F7EE000A20EE200ADFED0E0A80EE201AB0
:101D800000F25C5080ED051ABDEC028B70BD0000C6
:101D900014BC012490B60124D00100240000484462
:101DA0000080BB44000070423C3C7C41DB0F49405A
:101DB0000080BB45F4FDB43F00B50146F0EE403A6B
:101DC000B0EE604AB0EE413AB1EE431AF0EE440A8A
:101DD000B0EE630A01F150000DF06BFAD1ED190A73
:101DE000B0EE600AF0EE430A08460DF08DFC91ED6E
:101DF000070A81ED200A00BD9FED0A0A80ED040A62
:101E00009FED080A80ED030A9FED060A80ED060AA1
:101E10009FED040A80ED050A9FED020A80ED080A95
:101E2000704700000000000080ED000AC0ED010ACC
:101E300080ED021AC0ED0B1A80ED0A2AC0ED092AC6
:101E40007047000010B5024802F04EF810BD0000C7
:101E5000DC0B002410B5024802F046F810BD00006B
:101E6000540C002410B5024802F03EF810BD0000EA
:101E70007810002410B5024802F036F810BD0000BA
:101E8000F010002410B5024802F02EF810BD00003A
:101E9000B00D002410B5024802F026F810BD000075
:101EA000E011002410B5024802F01EF810BD000039
:101EB0005812002410B5024802F016F810BD0000B8
:101EC000681100240146374A0868904249D0354AD3
:101ED00018320868904244D0324A30320868904242
:101EE0003FD0304A4832086890423AD02D4A60329A
:101EF0000868904235D02B4A78320868904230D03A
:101F0000284A9032086890422BD0264AA8320868A6
:101F1000904226D0244A0868904222D0224A1832A1
:101F2000086890421DD0204A30320868904218D08C
:101F30001D4A48320868904213D01B4A6032086834
:101F400090420ED0184A78320868904209D0164A5A
:101F500090320868904204D0134AA8320868904230
:101F600001D1012000E00020B0B10A78103A182316
:101F7000B2FBF3F000F007020C4B9A5CCA65032831
:101F800005D90A686FF30902121D8A6503E00A6821
:101F90006FF309028A6503E0086820F0FF00886596
:101FA000886D7047100002401004024090910108B3
:101FB00010B502682B4C0368A34222D0294C14347C
:101FC0000368A3421DD0274C28340368A34218D0CD
:101FD000244C3C340368A34213D0224C5034036891
:101FE000A3420ED01F4C64340368A34209D01D4C99
:101FF00078340368A34204D01A4C8C340368A3429B
:1020000001D1012300E000238BB10378083B1424A5
:10201000B3FBF4F1144B03EB81030366124B8033E3
:10202000436601F01F040123A340836618E0037890
:10203000103B1824B3FBF4F10C4B9A4204D80B4B21
:10204000A83B9A4200D30831094B03EB8103036696
:10205000074B8033436601F01F040123A3408366CE
:1020600010BD00000854025800580258B80402403D
:10207000000802400179A9B3082940D8204B026822
:102080009A4222D01E4B143302689A421DD01C4B38
:10209000283302689A4218D0194B3C3302689A429E
:1020A00013D0174B503302689A420ED0144B64334E
:1020B00002689A4209D0124B783302689A4204D0DF
:1020C0000F4B8C3302689A4201D1012200E00022BA
:1020D0004AB14A1E0B4B03EB8202C266094A4032E8
:1020E000026708E00BE04A1E074B03EB8202C26660
:1020F000054A403202674A1E0123934043677047F6
:1021000008540258005902580009024001460020B4
:102110008A69D2B98A6A32B1012A0DD0022A03D063
:10212000032A10D10EE000BFCA6A02F08072B2F139
:10213000807F00D1012007E0CA6AB2F1C07F00D1E0
:10214000012001E000E000BF36E08A69B2F5005FDF
:102150001BD18A6A32B1012A07D0022A03D0032A8E
:1021600011D10AE000BF01200EE0CA6A02F08072BD
:10217000B2F1807F00D1012006E0CA6AB2F1C07FCF
:1021800000D1012000E000BF16E08A6A32B1012AC6
:1021900005D0022A04D0032A0CD103E000BF00BFFF
:1021A000012008E0CA6A02F08072B2F1807F00D19B
:1021B000012000E000BF00BF70470000F0B5856D52
:1021C000846D984F0668BE4270D0964F18370668E7
:1021D000BE426BD0934F30370668BE4266D0914FF7
:1021E00048370668BE4261D08E4F60370668BE42EF
:1021F0005CD08C4F78370668BE4257D0894F9037F5
:102200000668BE4252D0874FA8370668BE424DD0FE
:10221000854F0668BE4249D0834F18370668BE42D4
:1022200044D0814F30370668BE423FD07E4F48379A
:102230000668BE423AD07C4F60370668BE4235D051
:10224000794F78370668BE4230D0774F90370668AE
:10225000BE422BD0744FA8370668BE4226D0734FBB
:102260000668BE4222D0714F14370668BE421DD0A8
:102270006E4F28370668BE4218D06C4F3C37066850
:10228000BE4213D0694F50370668BE420ED0674F2A
:1022900064370668BE4209D0644F78370668BE428C
:1022A00004D0624F8C370668BE4201D1012600E09F
:1022B00000263EB1D0E919767E60C66E16B1D0E92F
:1022C0001C767E60574F0668BE4249D0554F18377E
:1022D0000668BE4244D0534F30370668BE423FD0F6
:1022E000504F48370668BE423AD04E4F60370668B6
:1022F000BE4235D04B4F78370668BE4230D0494F8A
:1023000090370668BE422BD0464FA8370668BE42BB
:1023100026D0454F0668BE4222D0434F1837066884
:10232000BE421DD0404F30370668BE4218D03E4FE7
:1023300048370668BE4213D03B4F60370668BE423E
:102340000ED0394F78370668BE4209D0364F9037E5
:102350000668BE4204D0344FA8370668BE4201D199
:10236000012600E00026DEB190F85C6006F01F0751
:102370003F26BE40AE600668366826F480260768B1
:102380003E60066873608668402E04D10668B260BD
:102390000668F16044E00668B1600668F2603FE0FC
:1023A000224F0668BE4222D0204F14370668BE4234
:1023B0001DD01E4F28370668BE4218D01B4F3C3731
:1023C0000668BE4213D0194F50370668BE420ED081
:1023D000164F64370668BE4209D0144F7837066836
:1023E000BE4204D0114F8C370668BE4201D101268F
:1023F00000E00026A6B190F85C6006F01F070126F9
:10240000BE406660066873608668402E04D1066828
:10241000B2600668F16003E00668B1600668F260C9
:10242000F0BD0000100002401004024008540258A1
:1024300070B504460D46287800F00F00207028780B
:1024400000096070A878697840EA01206080E87827
:102450000001297940EA1110A0806879297901F0FA
:102460000F0140EA0120E08060881021F2EE090AA5
:10247000BAEE090A15F017F884ED020AA0880C21BB
:10248000F3EE0E0ABBEE0E0A15F00DF884ED030A0A
:10249000E0880C21F2EE040ABAEE040A15F003F803
:1024A00084ED040AA87940B22075E87940B26075DD
:1024B00070BD00002DE9F0472DED068B82B08246FD
:1024C0000C46B0EE40AAB0EE608AF0EE418AB0EE63
:1024D000619AF0EE429A1020B2EE091AFAEE090A59
:1024E000B0EE4A0A15F0D0FA05460C20B3EE0E1AEB
:1024F000FBEE0E0AB0EE480A15F0C6FA06460C20AE
:102500009FED251ADFED250AB0EE680A15F0BCFA3A
:1025100007460C20B1EE041ADFED200AB0EE490A9E
:1025200015F0B2FA80460C20B2EE041AFAEE040A54
:10253000B0EE690A15F0A8FA8146280A8DF8000065
:10254000E8B28DF80100C6F307108DF8020006F01E
:102550000F00C7F3032141EA00108DF80300F8B221
:102560008DF80400C8F307108DF8050008F00F007F
:10257000C9F3032141EA00108DF8060009F0FF00BD
:102580008DF807006A4621B2504613F019FE02B0DA
:10259000BDEC068BBDE8F0870000FA4300000000A8
:1025A00070B504460D46FB222946204600F00AF885
:1025B00070BD70B504460D46FC222946204600F049
:1025C00001F870BD7CB506460C46154605A103C949
:1025D000CDE900018DF807506A4621B2304613F06C
:1025E000EFFD7CBDFFFFFFFFFFFFFF0008B50848C0
:1025F00040680090074900980968884204D206485C
:102600000068401C0449086002490098086008BD41
:10261000001000E0900200248C0200240C4948685D
:10262000F0EE400A00BF0A494968091A01EE101A83
:10263000F8EE411A074991ED001AB8EE411A20EE62
:10264000811AF4EEC11AF1EE10FAECD370470000D3
:10265000001000E08002002410B52DED028B82B046
:1026600004460E484068019020680199081A00EE5F
:10267000100AF8EE400A0A4890ED000AB8EE400A47
:1026800080EE801AB0EE418A01982060FFF7AEFF1D
:10269000B0EE480A02B0BDEC028B10BD001000E0A5
:1026A0008002002410B52DED028B00F059F80F4880
:1026B00090ED000AB8EE400A808800EE900AF8EE2D
:1026C000600A9FED0B1A00EE810A0848C08800EEF0
:1026D000900AF8EE600A9FED071A00EE810AB0EE4C
:1026E000408AB0EE480ABDEC028B10BD780200248F
:1026F0006F12833ABD3786351249096841F08071FF
:10270000104A11600021104A51601146096841F0D9
:10271000010111600D4941430D4A116011460968DC
:102720004FF47A72B1FBF2F10A4A11600849096864
:10273000064AB1FBF2F1084A11600021074A116014
:1027400070470000FCED00E0001000E040420F0088
:102750008002002484020024880200248C020024C9
:1027600038B5294840680090FFF740FF27480068C7
:102770004FF0FF31A0FB01310098181841F1000122
:10278000234A03C2234800232149026803C9FDF7F5
:10279000EBFE214A03C220480CC81E4800680024F2
:1027A000A2FB001503FB005002FB04021848D0E90D
:1027B0000030591A60EB0200184AC2E900101648AE
:1027C000006817490860174800231449026803C9C4
:1027D000FDF7CAFE124988800846808811490968B9
:1027E00041430E48D0E90030591A60F100000E4A0A
:1027F000C2E900100D4800230B49026803C9FDF728
:10280000B3FE0749C88038BD001000E08C020024E8
:102810009802002480020024A0020024A8020024C0
:102820007802002484020024B002002488020024DC
:1028300070470000042805D19FED0E0A0E4981ED76
:10284000190A16E0052805D19FED0A0A0A4981ED0B
:102850006D0A0EE0062805D19FED060A064981EDB6
:10286000C10A06E0072804D19FED020A034981ED61
:10287000130A70470000000090B6012498BA0124A2
:1028800010B50446042C03D10A480CF09DF810E062
:10289000052C03D108480CF097F80AE0062C03D168
:1028A00006480CF091F804E0072C02D104480CF023
:1028B0008BF810BDA8B60124F8B7012448B901244B
:1028C00098BA012400B500231A463221184600F0B8
:1028D0006BF800231A463221012000F065F800232E
:1028E0001A463221022000F05FF800231A463221F6
:1028F000032000F059F800231A463221042000F08A
:1029000053F800231A463221052000F04DF8002329
:102910001A463221062000F047F800231A463221D9
:10292000072000F041F800231A463221082000F069
:102930003BF800231A4632210C2000F035F8002322
:102940001A4632210A2000F02FF800231A463221BD
:102950000B2000F029F800231A463221092000F04C
:1029600023F800230D4A64210D2000F01DF80023F8
:102970001A464FF4FA710E2000F016F800231A469A
:102980004FF4FA710F2000F00FF8054B054A4FF491
:10299000FA71102000F008F800BD0000D9FE000810
:1029A000733600087136000870B500EB80040B4DDB
:1029B00045F82410002400EB8005084E06EB850541
:1029C0002C7200EB8004354605EB8404E26000EBDA
:1029D000800405EB8404236170BD000070D10124E4
:1029E000014601EB8100024A02EB8000007A704749
:1029F00070D1012410B5044603F0F0FC04EB84010F
:102A0000024A02EB8101486010BD000070D1012430
:102A1000D2ED020A92ED021AB6EE000A00EEC10AE9
:102A2000D2ED030A92ED031A00EEC10AD0ED000ABE
:102A300020EE200AD2ED010A92ED021A60EE810A20
:102A400092ED001AD2ED031A41EE210A90ED011A1F
:102A500000EE810AD2ED010A92ED031A60EE810ABE
:102A600092ED001AD2ED021A41EE610A90ED021ABF
:102A700000EE810AF0EE000A20EE200A81ED000A45
:102A800092ED010AD2ED020A20EE200AD2ED000AF0
:102A900092ED031A00EEC10AD0ED000A60EE200AA2
:102AA00092ED011AD2ED011AB6EE000A01EE610AAA
:102AB000D2ED031A92ED032AB0EE401A01EEC21ACB
:102AC000D0ED011AB0EE600A01EE210AD2ED020A41
:102AD00092ED031A60EE810A92ED001AD2ED011A0E
:102AE00041EE210A90ED021A00EE810AF0EE000A92
:102AF00020EE200A81ED010A92ED010AD2ED030ACF
:102B000020EE200AD2ED000A92ED021A00EE810AB0
:102B1000D0ED000A20EE200AD2ED020A92ED031A4F
:102B200060EE810A92ED001AD2ED011A41EE610ABF
:102B300090ED011A00EE810A92ED011AD2ED011A10
:102B4000F6EE000A41EE610A92ED021AD2ED021A87
:102B500041EE610A90ED021A00EE810AF0EE000AE1
:102B600020EE200A81ED020A704772B600BFFEE730
:102B70000748006840F002000549086000BF0448AB
:102B80000838006800F400500028F8D070470000B2
:102B90000C48025810B5024802F024FE10BD000097
:102BA0007409002410B5024802F01CFE10BD00009C
:102BB0007409002410B5024802F014FE10BD000094
:102BC000140A002410B5024802F00CFE10BD0000EB
:102BD000140A002410B5024802F004FE10BD0000E3
:102BE000B40A002410B5024802F0FCFD10BD00003C
:102BF000B40A002410B501464A6B0868D0F8840076
:102C00004FF6FC74A04340EA82000C68C4F88400CC
:102C10000868D0F8840020F47F04088F44EA00405C
:102C20000C68C4F88400886B02440868D0F88800F7
:102C30004FF6FC74A04340EA82000C68C4F8880098
:102C40000868D0F8880020F4FE04888F44EA004029
:102C50000C68C4F88800C86B02EB40020868D0F822
:102C6000A0004FF6FC74A04340EA82000C68C4F850
:102C7000A0000868D0F8A00020F4FE044020405ACC
:102C800044EA00400C68C4F8A000D1E9104004FBFD
:102C900000220868D0F8B0004FF6FC74A04340EA68
:102CA00082000C68C4F8B0000868D0F8B00020F4C6
:102CB000FE04B1F8480044EA00400C68C4F8B000D3
:102CC000D1E9124004FB00220868D0F8AC004FF6AE
:102CD000FC74A04340EA82000C68C4F8AC00D1E95F
:102CE000144004FB00220868D0F8F0004FF6FC7492
:102CF000A04340EA82000C68C4F8F0000868D0F8ED
:102D0000F00020F47C14B1F8580044EA00400C684C
:102D1000C4F8F000886D02EB40020868D0F8C000EB
:102D20004FF6FC74A04340EA82000C68C4F8C0006F
:102D30000868D0F8C00020F47C14B1F85C0044EAC4
:102D400000400C68C4F8C0000868D0F8C00020F04B
:102D50007C5491F8600044EA00600C68C4F8C0003C
:102D60002A4C486B04EB8000C866CC6E886B04EB81
:102D700080040C670C6FC86B04EBC0044C67D1E98E
:102D8000100460434C6F04EB80048C67D1E912049B
:102D900060438C6F04EB8004CC67D1E9140460437A
:102DA000CC6F04EB8004802044504458886D04EBC1
:102DB000C004842044508C6EC86D604384246458E1
:102DC00004EB8004882044508C6E086E6043882495
:102DD000645804EB80049020445040580C4CA042AE
:102DE00009D99831486840F020004860032001F874
:102DF0009809012010BDCB6E02E0002018601B1D59
:102E0000902040589842F8D80020F3E700AC0040EA
:102E1000FCD300402DE9F041054614461E46D1F88A
:102E200004C0BCF1000F0AD1D1F810C0D1F808805D
:102E30004CEA080CB1F800804CEA88430BE0D1F86A
:102E400010C04CF0804CD1F808804CEA080CD1F846
:102E500000804CEA080391F82080D1F81CC04CEAAD
:102E6000086CD1F818804CEA080CD1F814804CEAB0
:102E7000080CB1F80C804CEA0847D5F868C00CFB88
:102E800006FCD5F8848008EB8C021360121D1760D5
:102E9000121D002019E000F1030C14F80CC04FEAD9
:102EA0000C6800F1020C14F80CC048EA0C4800F160
:102EB000010C14F80CC048EA0C2C14F800804CEA01
:102EC000080CC2F800C0121D001DDFF81480D1F8F4
:102ED0000CC018F80CC08445DDD8BDE8F0810000B6
:102EE00098910108F0EE400A9FED180AB0EE401AE2
:102EF000002112E04A1C00EB820292ED000A00EB76
:102F0000810282ED000A00EB810292ED000A30EEB0
:102F1000010AB0EE401A4A1C91B2B0F89021521E3C
:102F20008A42E7DCB0F89011491E00EB8101C1ED47
:102F3000000A31EE200AB0EE401AB0F8901100EE0F
:102F4000101AF8EE401A81EE210A704700000000C6
:102F5000A0F89011002207E09FED050A00EB820324
:102F600083ED000A531C9AB28A42F5DB70470000D9
:102F70000000000010B55548B0F91400B0F5167FF8
:102F800004DD0120524981F8500609E04F48B0F9AC
:102F9000140010F5167F03DA00204D4981F8500621
:102FA0004C480068002804DD4A480068401E494932
:102FB0000860474890F8500600287ED04348B0F992
:102FC000040000EE100AB8EEC00AB7EEC00A9FED8A
:102FD000421B20EE010B9FED421B80EE012BB7EE52
:102FE000C20B414880ED000A3848B0F9060000EEF7
:102FF000100AB8EEC00AB7EEC00A9FED371B20EEEC
:10300000010B9FED371B80EE012BB7EEC20B36484C
:1030100080ED010A2D48007A022806D13248007A54
:1030200018B90120304948720EE02848007A032878
:1030300007D02648007A022806D12B48007A0128BA
:1030400002D10020284948722048007A012818D16E
:103050001E48407A012814D01E48006888B94FF4F1
:1030600096701C4908602048007A18B901201E4952
:10307000087206E01C48007A012802D100201A4993
:1030800008721248007A02280FD11748007A0128E6
:103090000BD10A22012115480AF05AFF1449087081
:1030A00000201149087210E007E00A2200210F48B1
:1030B0000AF04EFF0E49087007E0FEF7ADFD0D481F
:1030C00090ED100A084880ED010A10BDE4DA0124F1
:1030D00090B60124E80100249A999999999905409C
:1030E0000000000000A08440E8BC0124F40100249A
:1030F000CD010024ECBB012430B5034613B94FF6D3
:10310000FF7030BD09E013F8014B82EA0400C0B241
:10311000054D35F8100080EA2222081EA1F10101B8
:10312000F1D11046EDE70000DE93010830B503460B
:1031300005E013F8010B80EA02040448025D081E52
:10314000A1F10105A9B2F4D1104630BDDD9201080C
:1031500070B50A480468001D0568001D06683444FF
:1031600054B10822064920460AF080F80422044996
:10317000103128460AF07AF870BD000000E8F11F0F
:103180008E00002410B59FED1D0A1D4880ED310A08
:10319000BAEE0D0A80ED320A9FED1A0A80ED2C0A74
:1031A00090ED2C0A80ED300A9FED160A80ED000AA2
:1031B00090ED000A80ED060A0020114981F81C02FA
:1031C00081F81D0281F8540AA1F81E029FED0D0A34
:1031D000084680ED880A0A2100F57F70FFF7B8FEE7
:1031E00002210948FFF7B4FE19210848FFF7B0FE95
:1031F00000F00EF800F0ACF810BD00000000004236
:1032000004BD0124000000006CBF0124C4C50124DA
:1032100010B59FED1E2ADFED1E1A9FED1E1ADFED81
:103220001E0AB0EE080A1D480CF056FADFED1C2A03
:103230009FED1C2ADFED1C1A9FED1C1ADFED1C0A06
:10324000B3EE040A15485030FEF7EEFDB1EE0C2A3D
:10325000DFED141A9FED171ADFED150A9FED160A20
:103260000E48B0380CF038FAF6EE002AB3EE042A15
:10327000F3EE041A9FED111ADFED110A9FED110A0A
:1032800006486038FEF7D0FD10BD00000000004584
:103290000000FA43CDCCCC3E0AD7233DD0BD01245B
:1032A0006666663F00007A44000048428FC2753C63
:1032B000000000006F12033A0AD7A33B0AD7A33CD1
:1032C0006F12833A3333333F10B59FED1D0A1D480B
:1032D00080EDCB0A9FED1A0A80EDCA0A1A48B0F9B0
:1032E0000A0000EE900AF8EEE00A164890EDCB1ABC
:1032F00060EE810AB0EE600A00F5CA70FFF7F2FDD9
:103300001248D0ED060A30EEC00A80ED060A0E48DB
:10331000B0F90C0000EE900AF8EEE00A094890EDD2
:10332000CA1A60EE810AB0EE600AFFF7DBFD0748BB
:10333000D0ED300A30EE200A80ED300A10BD0000DA
:103340000AD7A33B6CBF0124E4DA012404BD0124A5
:10335000704700001A48B0F9000000EE100AB8EEFD
:10336000C00B9FED181B20EE010B9FED182B80EE7C
:10337000021B184890ED060AB7EEC00A30EE410B6A
:10338000B7EEC00B80ED060A0D48B0F9020000EE62
:10339000100AB8EEC00B9FED0B1B20EE011B9FED3A
:1033A0000B2B81EE020B0B4890ED301AB7EEC11AD1
:1033B00030EE010BB7EEC00B80ED300A7047000015
:1033C000E4DA0124666666666666D63F00000000A1
:1033D00000A0844004BD012410B52DED028B12F035
:1033E00079FF564880ED050A12F05CFF534880EDE6
:1033F000010A12F05DFF514880ED2F0A12F04CFFD8
:103400004E4880ED2D0A9FED4E0AB0EE408A90EDB9
:10341000010AD0ED020A30EE600ADFED4A0AB4EE8E
:10342000E00AF1EE10FA0CD290ED010AD0ED020A9A
:103430009FED451A71EE600A30EE200AB0EE408A28
:1034400025E03E4890ED010AD0ED020A30EE600A18
:10345000DFED3E0AB4EEE00AF1EE10FA0EDD90ED7B
:10346000020AB1EE400AD0ED010A9FED371A71EE63
:10347000600A30EE600AB0EE408A08E02F4890ED16
:10348000010AD0ED020A30EE600AB0EE408A2B4805
:1034900090ED030A30EE080A80ED030A2BE027487E
:1034A00090ED060AD0ED030A30EE600ADFED260A41
:1034B000B4EEE00AF1EE10FA07DB90ED060ADFED5C
:1034C000220A30EE600A80ED060A1C4890ED030ADD
:1034D000D0ED060A30EE600ADFED1B0AB4EEE00A1A
:1034E000F1EE10FA07DB90ED060ADFED170A30EE79
:1034F000200A80ED060A114890ED060AD0ED030A75
:1035000030EE600ADFED100AB4EEE00AF1EE10FAD8
:10351000C5DA90ED030AD0ED060A30EE600ADFED61
:103520000A0AB4EEE00AF1EE10FAB8DA90ED010AF8
:1035300080ED020ABDEC028B10BD000004BD012429
:1035400000000000000087C30000B4430000874370
:103550004248D0ED060A9FED421AC0EE811AF5EE00
:10356000C01AF1EE10FA0CDD90ED061ADFED3C1AF0
:10357000C1EE210AB6EE001A70EE810ABDEEE00A35
:103580000CE0364890ED061ADFED351AC1EE210A3F
:10359000B6EE001A70EEC10ABDEEE00A3148D0ED79
:1035A000050AB8EEC01ADFED2E1A41EE210A2B48AB
:1035B00090ED061A70EEC10A9FED2B1AF4EEC10AC7
:1035C000F1EE10FA10DD2748D0ED050AB8EEC01A6A
:1035D000DFED231A41EE210A9FED211A70EEC10A98
:1035E0001E48C0ED060A31E01E48D0ED050AB8EECF
:1035F000C01ADFED1B1A41EE210A184890ED061A99
:1036000070EEC10A9FED191AF4EEC10AF1EE10FA3C
:1036100010D21448D0ED050AB8EEC01ADFED101A2A
:1036200041EE210A9FED0E1A70EE810A0B48C0EDA3
:10363000060A0BE00B48D0ED050AB8EEC01ADFED24
:10364000081A41EE210A0548C0ED060A0548D0EDEA
:10365000080A0248C0ED300A7047000004BD01248A
:103660000000B443A4CD012400003443000034C35F
:10367000704770472DE9F041044602F0AFFE8046E6
:1036800014B90120BDE8F08194F83500022808D073
:103690008020606500BF002084F8340000BF012056
:1036A000F0E7FE492068884249D0FC49183120687B
:1036B000884244D0F9493031206888423FD0F749E8
:1036C0004831206888423AD0F44960312068884205
:1036D00035D0F24978312068884230D0EF499031B6
:1036E000206888422BD0ED49A8312068884226D036
:1036F000EB492068884222D0E94918312068884285
:103700001DD0E74930312068884218D0E44948315B
:103710002068884213D0E2496031206888420ED088
:10372000DF4978312068884209D0DD49903120682E
:10373000884204D0DA49A8312068884201D10120AA
:1037400000E0002068B12068006820F01E002168B9
:1037500008602068406920F0800021684861256881
:1037600006E02068006820F00E00216808602568E7
:10377000CA492068884270D0C849183120688842F8
:103780006BD0C64930312068884266D0C349483181
:103790002068884261D0C1496031206888425CD08D
:1037A000BE4978312068884257D0BC4990312068A2
:1037B000884252D0B949A831206888424DD0B849D2
:1037C0002068884249D0B64918312068884244D0E0
:1037D000B3493031206888423FD0B1494831206830
:1037E00088423AD0AE4960312068884235D0AC4931
:1037F00078312068884230D0A949903120688842C9
:103800002BD0A749A8312068884226D0A549206836
:10381000884222D0A3491431206888421DD0A14992
:1038200028312068884218D09E493C31206888425F
:1038300013D09C495031206888420ED09949643198
:103840002068884209D0974978312068884204D09E
:1038500094498C312068884201D1012000E0002089
:1038600028B1206E006820F48070216E08608B49BA
:103870002068884249D0894918312068884244D05C
:1038800086493031206888423FD0844948312068D9
:1038900088423AD0814960312068884235D07F49DA
:1038A00078312068884230D07C4990312068884245
:1038B0002BD07A49A8312068884226D078492068E0
:1038C000884222D076491831206888421DD0744938
:1038D00030312068884218D07149483120688842C8
:1038E00013D06F496031206888420ED06C4978311E
:1038F0002068884209D06A4990312068884204D003
:103900006749A8312068884206D12068006820F005
:1039100001002168086005E02068006820F00100CF
:103920002168086011E002F059FDA0EB08000528AD
:103930000BD920206065032084F8350000BF0020EB
:1039400084F8340000BF01209CE6286800F00100E4
:103950000028E8D151492068884249D04F491831A0
:103960002068884244D04D493031206888423FD099
:103970004A494831206888423AD048496031206835
:10398000884235D0454978312068884230D0434953
:103990009031206888422BD04049A8312068884265
:1039A00026D03F492068884222D03D4918312068FE
:1039B00088421DD03A4930312068884218D03849B1
:1039C00048312068884213D03549603120688842E8
:1039D0000ED0334978312068884209D0304990317F
:1039E0002068884204D02E49A8312068884201D13D
:1039F000012000E0002040B1A66D94F85C0000F0CA
:103A00001F013F208840B06007E0A76D94F85C007C
:103A100000F01F010120884078602049206888421A
:103A200076D01E4918312068884271D01B49303148
:103A3000206888426CD0194948312068884267D094
:103A4000164960312068884262D014497831206874
:103A500088425DD0114990312068884258D00F4982
:103A6000A8312068884253D00D49206888424FD041
:103A70000B491831206888424AD009493031206802
:103A8000884245D0064948312068884240D00449E0
:103A90006031206888423BD0014905E010000240B7
:103AA00010040240085402587831206888422FD010
:103AB0002549206888422BD0234918312068884244
:103AC00026D022492068884222D02049143120681B
:103AD00088421DD01D4928312068884218D01B49D2
:103AE0003C312068884213D0184950312068884200
:103AF0000ED0164964312068884209D013497831C4
:103B00002068884204D011498C312068884201D154
:103B1000012000E0002068B1D4E919104860E06E8F
:103B200040B1E06E006820F48070E16E0860D4E976
:103B30001C104860012084F8350000BF002084F884
:103B4000340000BF00BF9DE5A004024008540258A5
:103B500070B504460CB9012070BD94F835000228F8
:103B600003D0802060650120F6E7DC4920688842A8
:103B700049D0DA4918312068884244D0D7493031D9
:103B8000206888423FD0D5494831206888423AD0E1
:103B9000D24960312068884235D0D04978312068D8
:103BA000884230D0CD499031206888422BD0CB4913
:103BB000A8312068884226D0C9492068884222D08E
:103BC000C7491831206888421DD0C5493031206866
:103BD000884218D0C24948312068884213D0C04971
:103BE0006031206888420ED0BD4978312068884213
:103BF00009D0BB4990312068884204D0B849A83127
:103C00002068884201D1012000E00020F0B30420A8
:103C100084F83500B149206888424BD0AF4918314B
:103C20002068884246D0AD4930312068884241D072
:103C3000AA494831206888423CD0A84960312068B0
:103C4000884237D0A54978312068884232D0A349CC
:103C50009031206888422DD0A049A8312068884240
:103C600028D09F492068884224D09D491831206877
:103C700088421FD09A493031206888421AD098492A
:103C800048312068884215D0954900E020E0603135
:103C9000206888420ED0924978312068884209D045
:103CA0008F4990312068884204D08D49A83120681E
:103CB000884206D12068006820F001002168086071
:103CC00009E12068006820F001002168086002E135
:103CD0002068006820F00E00216808607F49206895
:103CE000884249D07D4918312068884244D07B49B8
:103CF0003031206888423FD0784948312068884276
:103D00003AD0764960312068884235D0734978319D
:103D10002068884230D071499031206888422BD089
:103D20006E49A8312068884226D06D4920688842B3
:103D300022D06B491831206888421DD06849303143
:103D40002068884218D0664948312068884213D0DC
:103D500063496031206888420ED06149783120681B
:103D6000884209D05E4990312068884204D05C497D
:103D7000A8312068884206D12068006820F0010040
:103D80002168086005E02068006820F001002168D3
:103D9000086052492068884270D050491831206824
:103DA00088426BD04D4930312068884266D04B49FB
:103DB00048312068884261D0484960312068884293
:103DC0005CD0464978312068884257D043499031C9
:103DD0002068884252D04149A831206888424DD09D
:103DE0003F492068884249D03D49183120688842BF
:103DF00044D03B493031206888423FD0384948316F
:103E0000206888423AD0364960312068884235D0EF
:103E1000334978312068884230D031499031206868
:103E200088422BD02E49A8312068884226D02D49BF
:103E30002068884222D02B491431206888421DD046
:103E4000284928312068884218D026493C3120680A
:103E5000884213D023495031206888420ED021492E
:103E600064312068884209D01E4978312068884230
:103E700004D01C498C312068884201D1012000E027
:103E80000020D8B1206E006820F48070216E086098
:103E9000A56D94F85C0000F01F0101208840686067
:103EA000D4E919104860E06E40B1E06E006820F47B
:103EB0008070E16E0860D4E91C104860012084F82D
:103EC000350000BF002084F8340000BF206D10B121
:103ED0002046216D884700203EE600001000024089
:103EE00010040240085402582DE9F84F04460020FF
:103EF0000090FE4800684FF41651B0FBF1FAA66D31
:103F0000D4F858803768D8F80090F949206888427A
:103F100049D0F74918312068884244D0F4493031FB
:103F2000206888423FD0F2494831206888423AD020
:103F3000EF4960312068884235D0ED4978312068FA
:103F4000884230D0EA499031206888422BD0E84935
:103F5000A8312068884226D0E6492068884222D0CD
:103F6000E4491831206888421DD0E2493031206888
:103F7000884218D0DF4948312068884213D0DD4993
:103F80006031206888420ED0DA4978312068884252
:103F900009D0D84990312068884204D0D549A83149
:103FA0002068884201D1012000E0002000287DD057
:103FB00094F85C0000F01F01082088403840002879
:103FC00068D0CB492068884249D0C9491831206857
:103FD000884244D0C6493031206888423FD0C44925
:103FE0004831206888423AD0C1496031206888420F
:103FF00035D0BF4978312068884230D0BC499031F3
:10400000206888422BD0BA49A8312068884226D03F
:10401000B8492068884222D0B649183120688842C1
:104020001DD0B44930312068884218D0B149483198
:104030002068884213D0AF496031206888420ED092
:10404000AC4978312068884209D0AA49903120686B
:10405000884204D0A749A8312068884204D120684A
:10406000006800F0040003E02068006800F0080029
:1040700080B12068006820F004002168086094F88E
:104080005C0000F01F0108208840B060606D40F0C7
:104090000100606594F85C0000F01F010120884079
:1040A0003840E8B392492068884200E0B7E24BD03C
:1040B0008F4918312068884246D08D4930312068B8
:1040C000884241D08A494831206888423CD088499A
:1040D00060312068884237D085497831206888422D
:1040E00032D083499031206888422DD08049A83150
:1040F0002068884228D07F492068884224D07D49A2
:104100001831206888421FD07A49303120688842AF
:104110001AD0784948312068884215D0754900E0A6
:1041200026E06031206888420ED0724978312068DC
:10413000884209D06F4990312068884204D06D4987
:10414000A8312068884204D12068406900F08000CE
:1041500002E020680068002050B194F85C0000F094
:104160001F0101208840B060606D40F00200606572
:1041700094F85C0000F01F01042088403840E8B348
:104180005B49206888424BD05949183120688842E1
:1041900046D0574930312068884241D0544948318F
:1041A000206888423CD0524960312068884237D02C
:1041B0004F4978312068884232D04D49903120688B
:1041C00088422DD04A49A8312068884228D04949E0
:1041D0002068884224D047491831206888421FD07F
:1041E00044493031206888421AD042494831206819
:1041F000884215D03F496031206800E024E08842C1
:104200000ED03C4978312068884209D03949903134
:104210002068884204D03749A8312068884204D1F8
:104220002068006800F0020002E0206800680020BA
:1042300050B194F85C0000F01F0104208840B06089
:10424000606D40F00400606594F85C0000F01F01B0
:10425000102088403840E8B325492068884251D072
:1042600023491831206888424CD0214930312068D8
:10427000884247D01E4948312068884242D01C49B4
:104280006031206888423DD01949783120688842E1
:1042900038D0174990312068884233D01449A8316A
:1042A000206888422ED01349206888422AD01149BC
:1042B00018312068884225D00E4930312068884264
:1042C00020D00C494831206888421BD00949603110
:1042D000206800E04DE0884214D00649783120681B
:1042E00088420FD003499031206805E0C8000024BF
:1042F0001000024010040240884203D0FE492068AA
:10430000884204D12068006800F0080003E02068BB
:10431000006800F0040060B394F85C0000F01F0136
:1043200010208840B0602068006800F4802080B1D0
:104330002068006800F4002028B9206CC8B120462D
:10434000216C884715E0A06C98B12046A16C884785
:104350000FE02068006800F4807028B920680068C9
:1043600020F0080021680860206C10B12046216C04
:10437000884794F85C0000F01F01202088403840F6
:1043800000287DD0DD492068884249D0DB491831BA
:104390002068884244D0D9493031206888423FD0D3
:1043A000D6494831206888423AD0D44960312068E3
:1043B000884235D0D14978312068884230D0CF4901
:1043C0009031206888422BD0CC49A831206888429F
:1043D00026D0C949A8392068884221D0C6499039D9
:1043E000206888421CD0C44978392068884217D098
:1043F000C14960392068884212D0BF4948392068D5
:1044000088420DD0BC4930392068884208D0BA496A
:1044100018392068884203D0B7492068884204D1FF
:104420002068006800F0100003E02068006800F0D9
:10443000020028B394F85C0000F01F01202088409F
:10444000B06094F8350004282DD12068006820F071
:104450001600216808602068406920F0800021680B
:104460004861206C08B9A06C28B12068006820F071
:1044700008002168086094F85C0000F01F0100E06B
:104480003FE03F208840B060012084F8350000BF45
:10449000002084F8340000BF206D10B12046216D4B
:1044A0008847BDE8F88F2068006800F4802080B15C
:1044B0002068006800F4002028B9606C08B320462A
:1044C000616C88471DE0E06BD8B12046E16B8847FE
:1044D00017E02068006800F4807068B92068006800
:1044E00020F0100021680860012084F8350000BF2A
:1044F000002084F8340000BFE06B10B12046E16B6F
:104500008847606D00287AD0606D00F00100E8B344
:10451000042084F835007949206888424BD07749D7
:1045200018312068884246D074493031206888426A
:1045300041D072494831206888423CD06F4960318F
:104540002068884237D06D4978312068884232D05F
:104550006A499031206888422DD06849A831206886
:10456000884228D06449A8392068884223D062490B
:104570009039206888421ED05F4978392068884287
:1045800019D05D4960392068884200E040E012D0CF
:1045900059494839206888420DD057493039206838
:1045A000884208D0544918392068884203D05249BB
:1045B0002068884206D12068006820F00100216848
:1045C000086005E02068006820F0010021680860AC
:1045D00000BF0098401C0090504500D905E02068BD
:1045E000006800F001000028F3D100BF20680068D7
:1045F00000F0010020B1032084F8350003E00DE055
:10460000012084F8350000BF002084F8340000BF8A
:10461000E06C002802D02046E16C8847D9E1384997
:104620002068884222D036491431206888421DD043
:10463000334928312068884218D031493C312068FC
:10464000884213D02E495031206888420ED02C4920
:1046500064312068884209D029497831206888422D
:1046600004D027498C312068884201D1012000E024
:1046700000200028D2D02068056894F85C0000F083
:104680001F010420884000EA0900D8B305F00400A7
:10469000C0B394F85C0000F01F0104208840C8F803
:1046A000040005F4004080B105F4803030B9A06CFE
:1046B0000028B3D02046A16C88478AE1206C0028EE
:1046C000ACD02046216C884783E105F02000E8BB90
:1046D0000A492068884253D0084918312068884226
:1046E0004ED0064930312068884249D003494831CC
:1046F0002068884244D006E0B8040240100002401E
:10470000085402584FE0B44960312068884237D0DD
:10471000B14978312068884232D0AF499031206861
:1047200088422DD0AC49A8312068884228D0AB49B6
:104730002068884224D0A9491831206888421FD0B7
:10474000A6493031206888421AD000E025E0A3490C
:1047500048312068884213D0A049603120688842DF
:104760000ED09E4978312068884209D09B4990310B
:104770002068884204D09949A8312068884206D12F
:104780002068006820F008002168086005E02068C3
:10479000006820F0040021680860206C10B32046F7
:1047A000216C884715E194F85C0000F01F0102209D
:1047B000884000EA0900E8B305F00200D0B394F89D
:1047C0005C0000F01F0102208840C8F8040005F4D6
:1047D000004070B105F4803028B9606C10B12046FB
:1047E000616C8847F5E0E06BF0B32046E16B8847E9
:1047F000EFE005F02000C0BB7749206888424ED02A
:10480000754918312068884249D073493031206891
:10481000884244D070494831206888423FD06E4970
:104820006031206888423AD06B49783120688842EC
:1048300035D000E04EE068499031206888422ED0A3
:104840006549A8312068884229D064492068884297
:1048500025D0624918312068884220D05F49303124
:10486000206888421BD001E06EE02DE05B494831B2
:104870002068884213D059496031206888420ED0A0
:10488000564978312068884209D0544990312068CF
:10489000884204D05149A8312068884206D1206856
:1048A000006820F014002168086005E020680068B6
:1048B00020F00A0021680860012084F8350000BF5C
:1048C000002084F8340000BFE06BE8B32046E16BC1
:1048D00088477EE094F85C0000F01F0108208840C3
:1048E00000EA090080B305F0080068B33A4920687F
:1048F00088424BD0384918312068884246D0364922
:1049000030312068884241D033494831206888429C
:104910003CD0314960312068884237D02E49783107
:104920002068884232D02C499031206888422DD0AE
:104930002949A8312068884228D02849206888421F
:1049400024D02649183100E043E0206888421DD079
:10495000224930312068884218D0204948312068E7
:10496000884213D01D496031206888420ED01B490F
:1049700078312068884209D01849903120688842EF
:1049800004D01649A8312068884206D12068006802
:1049900020F01C002168086005E02068006820F015
:1049A0000E002168086094F85C0000F01F010120EF
:1049B0008840C8F804000120606584F8350000BF15
:1049C000002084F8340000BFE06C10B12046E16C98
:1049D000884700BF65E50000100002401004024057
:1049E0002DE9F041044601F0F9FC804614B901209C
:1049F000BDE8F081FE492068884249D0FC49183161
:104A00002068884244D0FA493031206888423FD03B
:104A1000F7494831206888423AD0F549603120682A
:104A2000884235D0F24978312068884230D0F04948
:104A30009031206888422BD0ED49A8312068884207
:104A400026D0EC492068884222D0EA4918312068F3
:104A500088421DD0E74930312068884218D0E549A6
:104A600048312068884213D0E2496031206888428A
:104A70000ED0E04978312068884209D0DD49903174
:104A80002068884204D0DB49A8312068884201D1DF
:104A9000012000E00020002873D0606A00B100BF50
:104AA000022084F8350000BF002084F8340000BFE5
:104AB000CF492068884249D0CD49183120688842C2
:104AC00044D0CB493031206888423FD0C849483172
:104AD000206888423AD0C64960312068884235D083
:104AE000C34978312068884230D0C149903120686C
:104AF00088422BD0BE49A8312068884226D0BD49C3
:104B00002068884222D0BB491831206888421DD0D5
:104B1000B84930312068884218D0B64948312068F9
:104B2000884213D0B3496031206888420ED0B14921
:104B300078312068884209D0AE4990312068884297
:104B400004D0AC49A8312068884206D120680068AA
:104B500020F001002168086005E02068006820F06E
:104B60000100216808600DE001F038FCA0EB0800AE
:104B7000052807D920206065032084F8350001202E
:104B800036E769E02068006800F001000028EBD1FA
:104B90002068056898480540D4E902010843216966
:104BA000084361690843A1690843E1690843216A30
:104BB00008430543606A042803D1D4E90B01084384
:104BC00005436068292802D360682E2817D96068D9
:104BD0003F2802D36068422811D96068472802D371
:104BE000606848280BD960684F2802D36068522853
:104BF00005D96068742804D36068772801D801203B
:104C000000E0002008B145F48015206805602068A8
:104C1000456925F00705606A0543606A04280DD1DF
:104C2000A06A0543E06A48B12046FDF76FFA28B153
:104C300040206065012084F83500D9E62068456190
:104C40002046FDF73FF9064694F85C0000F01F018E
:104C50003F208840B0609EE068492068884222D0AA
:104C600066491431206888421DD064492831206883
:104C7000884218D061493C312068884213D05F498E
:104C80005031206888420ED05C49643120688842E7
:104C900009D05A4978312068884204D057498C316C
:104CA0002068884201D1012000E00020E0B3534990
:104CB0002068884222D051491431206888421DD092
:104CC0004E4928312068884218D04C493C31206830
:104CD000884213D049495031206888420ED0474954
:104CE00064312068884209D044497831206888427C
:104CF00004D042498C312068884201D1012000E073
:104D0000002000B100BF022084F8350000BF002061
:104D100084F8340000BF2068056839480540A06861
:104D2000402802D1102106E02EE0A068802801D1A1
:104D3000C10100E00021E06841EAD001206941EAB8
:104D4000D001606941EAD001A06941EAD001E0697F
:104D500041EAD001206A41EA10100543206805604D
:104D600026492068401A1421B0FBF1F08000E0656C
:104D70002046FDF7A7F8074694F85C0000F01F01F5
:104D800001208840786006E040206065032084F8B8
:104D9000350001202CE61649206888427AD0144953
:104DA00018312068884275D0114930312068884216
:104DB00070D00F494831206888426BD00C4960316F
:104DC0002068884266D00A4978312068884261D0DC
:104DD00007499031206888425CD00549A831206895
:104DE000884257D003492068884253D0014909E0DE
:104DF00010000240100402403F8010FE0854025888
:104E00000F00FEFF18312068884243D037492068E0
:104E100088423FD035491831206888423AD033491A
:104E200030312068884235D0304948312068884286
:104E300030D02E496031206888422BD02B49783100
:104E40002068884226D02A492068884222D02849F2
:104E50001431206888421DD02549283120688842B5
:104E600018D023493C312068884213D02049503162
:104E7000206888420ED01E4964312068884209D0DB
:104E80001B4978312068884204D019498C31206848
:104E9000884201D1012000E0002000B32046FDF748
:104EA00087F8A068802801D1002060602079216EF9
:104EB0000860D4E919104860606860B1606808282B
:104EC00009D82046FDF7D6F80020E16E0860D4E945
:104ED0001C10486003E00020E06620676067002047
:104EE0006065012084F83500002081E5400402401F
:104EF000085402582DE9F04104460D4616461F4657
:104F00004FF0000814B90120BDE8F08100BF94F80B
:104F10003400012801D10220F6E7012084F8340092
:104F200000BF94F8350001287ED1022084F83500B6
:104F300000206065E4492068884249D0E249183180
:104F40002068884244D0E0493031206888423FD010
:104F5000DD494831206888423AD0DB496031206819
:104F6000884235D0D84978312068884230D0D64937
:104F70009031206888422BD0D349A83120688842DC
:104F800026D0D2492068884222D0D04918312068E2
:104F900088421DD0CD4930312068884218D0CB4995
:104FA00048312068884213D0C8496031206888425F
:104FB0000ED0C64978312068884209D0C349903163
:104FC0002068884204D0C149A8312068884206D1AF
:104FD0002068006820F001002168086005E0206872
:104FE000006820F00100216808603B4632462946EF
:104FF0002046FDF7E3F8B449206888424BD0B24917
:1050000018312068884246D0AF4930312068884244
:1050100041D0AD494831206888423CD0AA4960312E
:105020002068884237D000E042E1A7497831206803
:10503000884230D0A4499031206888422BD0A249C0
:10504000A8312068884226D0A0492068884222D012
:105050009E491831206888421DD09C493031206813
:10506000884218D0994948312068884213D097491E
:105070006031206888420ED0944978312068884297
:1050800009D0924990312068884204D08F49A831D4
:105090002068884201D1012000E0002080B1206812
:1050A000006820F01E0040F0160021680860206CA7
:1050B000B0B12068006840F00800216808600FE087
:1050C0002068006820F00E0040F00A0021680860A7
:1050D000206C28B12068006840F004002168086056
:1050E00079492068884270D0774918312068884211
:1050F0006BD0754930312068884266D0724948319A
:105100002068884261D070496031206888425CD054
:105110006D4978312068884257D06B4990312068BA
:10512000884252D06849A831206888424DD06749EA
:105130002068884249D0654918312068884244D0A7
:1051400062493031206888423FD060494831206848
:1051500088423AD05D4960312068884235D05B4949
:1051600078312068884230D0584990312068884290
:105170002BD05649A8312068884226D0544920684F
:10518000884222D052491431206888421DD05049AB
:1051900028312068884218D04D493C312068884227
:1051A00013D04B495031206888420ED048496431B1
:1051B0002068884209D0464978312068884204D066
:1051C00043498C312068884201D1012000E0002051
:1051D00090B1206E006800F4803028B1206E006825
:1051E00040F48070216E0860E06E28B1E06E0068C7
:1051F00040F48070E16E086033492068884249D0ED
:10520000314918312068884244D02F493031206814
:1052100088423FD02C494831206888423AD02A49F8
:1052200060312068884235D027497831206888422B
:1052300030D025499031206888422BD02249A831AE
:105240002068884226D021492068884222D01F4900
:105250001831206888421DD01C49303120688842AE
:1052600018D01A4948312068884213D01749603154
:10527000206888420ED0154978312068884209D0CC
:10528000124990312068884204D01049A831206822
:10529000884206D12068006840F00100216808605B
:1052A00010E02068006840F001002168086009E013
:1052B0004FF40060606500BF002084F8340000BF38
:1052C0004FF0010840461FE6100002401004024063
:1052D0000854025870B5044601F080F80646254689
:1052E000681C10B104480078054400BF01F076F84E
:1052F000801BA842FAD370BDC400002430B5034619
:1053000093F89840012C01D0022C3ED11868806D92
:10531000084030B91868C06D40F001001D68E865AC
:105320000EE01868806D0840884206D11868C06D8C
:1053300040F002001D68E86502E003201D68E86592
:1053400001F4007030B11868D0F8E00010431D6817
:10535000C5F8E00001F4806030B11868D0F8E400CE
:1053600010431D68C5F8E40000BF1868406D0B4D80
:105370000D4028431D6868650948006840EA91703F
:10538000074D286000BF002030BDD3F89C0040F0DE
:105390000200C3F89C000120F6E70000FFFFCF3FAA
:1053A00014A800402DE9F04104460E4617467068E7
:1053B00000B900E000BF94F89800022832D12068BC
:1053C000D0F8C00000F07C5040B9D4F89C0040F008
:1053D0002000C4F89C000120BDE8F0812068D0F8CE
:1053E000C40000F4001038B1D4F89C0040F4007000
:1053F000C4F89C000120EFE72068D0F8C400C0F397
:1054000004452B463A4631462046FDF703FD012070
:10541000A8402168C1F8D0000120A840C4F8940039
:105420000020D9E7D4F89C0040F00800C4F89C00A4
:105430000120D1E7704710B5034601B900E000BF75
:1054400093F89800012824D151B91868D0F8F000D9
:1054500020F07C5040EA02601C68C4F8F00016E0BE
:1054600001290AD11868D0F8A00020F0FE4040EAD7
:1054700002601C68C4F8A00009E01868D0F8B00009
:1054800020F0FE4040EA02601C68C4F8B000002032
:1054900010BDD3F89C0040F00400C3F89C0001202C
:1054A000F6E7F0B5024692F89860012E01D0022E80
:1054B00043D1C868072800D100BF086818BBC86876
:1054C000072800D000BFC86807280BD1088A4FF012
:1054D000605747EA0040CF6940EA07208F6940EAF9
:1054E00007040AE0087A80070F7B40EAC7600F8A4A
:1054F00040EA07404F6940EA0704D76E486807EB67
:1055000080031C6017E0C868072800D000BF0F7B2D
:10551000086940EA4774C868072801D18D6903E02B
:105520000F7A486940EA8775176F486807EBC00330
:105530001C601B1D1D600020F0BDD2F89C0040F0D7
:105540000200C2F89C000120F6E770B50446049DF5
:1055500094F8980001280AD1080140EA820040EA44
:10556000430028432668C6F88000002070BDD4F8A8
:105570009C0040F00400C4F89C000120F6E770474E
:1055800070B505460C460548854205D104F000700B
:1055900010B1284611F076FF70BD00007409002498
:1055A00003461868426C02F007000860C2F302204C
:1055B000486002F018008860C2F34010C860C2F36F
:1055C00080100861C2F3C0104861C2F3C020886136
:1055D000C2F30030C861C2F340300862C2F38030C9
:1055E0004862C2F306408862002070472DE9F0430C
:1055F00004460D469C46002394F89880B8F1020FAB
:1056000074D1402D38D12068D0F8A00000F4FE00FD
:1056100040B9D4F89C0040F02000C4F89C00012060
:10562000BDE8F0832068D0F8A40000F07F0038B90E
:10563000D4F89C0040F48070C4F89C000120EFE78F
:105640002068D0F8A400C0F3006040B12068D0F812
:10565000A0004FF00109B9EBD07F00D101232068F1
:10566000D0F8A400C0F305200344606C5843D4F87C
:10567000749009EB80014BE0412D38D12068D0F8BF
:10568000B00000F4FE0038B9D4F89C0040F02000CF
:10569000C4F89C000120C3E72068D0F8B40000F0F3
:1056A0007F0038B9D4F89C0040F48070C4F89C00A6
:1056B0000120B5E72068D0F8B400C0F3006040B125
:1056C0002068D0F8B0004FF00109B9EBD07F00D1CD
:1056D00001232068D0F8B400C0F305200344E06C37
:1056E0005843D4F8789009EB800111E06DE0206D0B
:1056F000A84207D8D4F89C0040F02000C4F89C00D1
:1057000001208DE7606D6843D4F87C9009EB80013F
:10571000086800F080405060506820B90868C0F305
:105720008A40106003E0086820F06040106008685C
:1057300000F000509060086800F000401061091D02
:10574000088880B2D0610868C0F30340D060086860
:1057500000F480105061086800F40010906108683F
:10576000C0F3066010620868C00F5062091D0F4642
:10577000002603E0B85D0CF80600761CDFF85C90AC
:10578000D06819F80000B042F4D8402D03D1206849
:10579000C0F8A83017E0412D03D12068C0F8B83018
:1057A00011E0202D06D20120A840D4F80090C9F8BD
:1057B000980008E005F01F09012000FA09F0D4F86C
:1057C0000090C9F89C0000202AE7D4F89C0040F023
:1057D0000800C4F89C00012022E70000989101080D
:1057E000704700002DE9F04F8DB00446EF48006887
:1057F0008707EE48001D006807EA80772068006D83
:1058000000F470482068406D00EA08082068006DC8
:1058100000F00F092068406D00EA09092068006D5A
:1058200000F0F00A2068406D00EA0A0A2068006D66
:1058300000F0715B2068406D00EA0B0B2068006D82
:1058400000F060700C902068406D0C9908400C903E
:105850002068456D2068066DC5F3002070B1C6F361
:10586000002058B100BF4FF4807021680865002007
:10587000CE49086000BF2046FFF7B2FFC5F3802085
:10588000C8B1C6F38020B0B12068D0F8DC000A901F
:105890002068D0F8E4000A9908400A9000BF4FF44D
:1058A0008060216808650020C049086000BF20466C
:1058B0000A9900F090FC67B100BFBD4838402168EC
:1058C0000865B80FB949086000BF39462046FFF7A0
:1058D000B1FDB8F1000F0ED000BFB54808EA0000D6
:1058E000216808654FEA9870B049086000BF4146DA
:1058F000204600F072FCB9F1000F0ED000BFAC489A
:1059000009EA0000216808654FEA9970A749086014
:1059100000BF4946204600F0DFFBBAF1000F0ED071
:1059200000BFA3480AEA0000216808654FEA9A70A0
:105930009E49086000BF5146204600F02BFCC5F38D
:10594000C02070B1C6F3C02058B100BF4FF4006052
:105950002168086500209549086000BF204600F0D6
:105960003DFCC5F34020C8B1C6F34020B0B120686B
:10597000D0F8D8000B902068D0F8E0000B990840D0
:105980000B9000BF4FF40070216808650020874924
:10599000086000BF20460B9900F01EFCC5F3C04014
:1059A00070B1C6F3C04058B100BF4FF40020216869
:1059B000086500207D49086000BF204600F08AFB92
:1059C000C5F3004070B1C6F3004058B100BF4FF4BA
:1059D00080302168086500207449086000BF2046B7
:1059E00000F0F8FBC5F3804070B1C6F3804058B1B9
:1059F00000BF4FF480202168086500206B490860D3
:105A000000BF204600F0E5FBC5F3404088B1C6F377
:105A1000404070B100BF4FF400302168086500209D
:105A20006249086000BFD4F89C0040F08000C4F8D0
:105A30009C000C9870B100BF5D490C98084021682B
:105A400008650C98800F5949086000BF20460C99E2
:105A5000FFF796FDBBF1000F10D000BF54480BEAD2
:105A60000000216808654FEA9B705049086000BF3C
:105A7000D4F89C0040EA0B00C4F89C004D49206813
:105A800088427DD16068806800F00300002877D0EC
:105A90006068006A00F00F0009906068406A099928
:105AA000084009906068006A00F030000890606863
:105AB000406A0899084008906068006A00F4C07065
:105AC00007906068406A0799084007906068006A1C
:105AD00000F4FC4006906068406A06990840069011
:105AE0006068006A00F4F02005906068406A0599DB
:105AF000084005906068406A02906068006A019002
:105B0000099830B10998616808622046099900F047
:105B10005DFB089830B108986168086220460899D2
:105B200000F056FB0298C0F38010A0B10198C0F3BA
:105B3000801080B16068C06B000C04906068C06B1E
:105B400000F03F0003904020616808622046DDE9D4
:105B5000032100F03CFB079830B1079861680862A8
:105B60002046079900F031FB069840B1069861681D
:105B70000862D4F89C0006990843C4F89C0000E031
:105B80000AE0059840B1059861680862D4F89C0065
:105B900005990843C4F89C00D4F89C0010B1204635
:105BA000FFF7EDFC0DB0BDE8F08F000010A800403D
:105BB000FFFFCF3F00A0004070B594B004464C22D8
:105BC000B34901A8FAF78CFD14B9012014B070BDD7
:105BD000B0492068884203D1206800F58070606079
:105BE000A068B0F5407F00D100BF206C00B100BFBD
:105BF000A06C00B100BF206D00B100BF206E00B1ED
:105C000000BFD4E91710084400B100BF94F8980011
:105C100028B9002084F89900204600F03DF920685A
:105C2000806920F010002168886100F0D7FB0546EC
:105C30000EE000F0D3FB401B0A2809D998346068B5
:105C400040F001006060032004F898090120BDE7DE
:105C50002068806900F008000828EAD02068806980
:105C600040F001002168886100F0B8FB05460EE0B5
:105C700000F0B4FB401B0A2809D99834606840F052
:105C800001006060032004F8980901209EE7206865
:105C9000806900F001000028EAD02068806940F0A7
:105CA000020021688861207C012806D12068806973
:105CB00020F040002168886105E02068806940F09C
:105CC000400021688861607C012806D120688069D5
:105CD00040F480402168886105E02068806920F4F4
:105CE000804021688861A07C012806D120688069F5
:105CF00020F480502168886105E02068806940F4C4
:105D00008050216888612068806920F44070A16813
:105D10000843216888612068806920F0A400216818
:105D200088612068006920F0100021680861E0683F
:105D3000012806D12068806940F00400216888614C
:105D400020E0E068F0B1E068022815D020688069A2
:105D500040F08000216888612068006940F01000F0
:105D600021680861E06803280CD12068806940F050
:105D700020002168886105E02068806940F02000EB
:105D800021688861207E401E4106E069401E41EA8C
:105D90000020216A491E0843A18A491E40EA0140A9
:105DA0002168C861A068B0F5407F0FD1A06A401E8D
:105DB000E16A491E40EA0121206B401E41EA0011C0
:105DC000A08C401E41EA00402168C860206E38B1B6
:105DD0002068D0F8C000616E08432168C1F8C00097
:105DE000D4E91710084460B12068D0F8C80020F04A
:105DF000070001AAA16E52F8211008432168C1F8DA
:105E0000C800206C60B12068D0F8BC0020F007000A
:105E100001AA616C52F8211008432168C1F8BC0046
:105E2000A06C68B12068D0F8BC0020F0700101AA15
:105E3000E06C52F8200041EA00102168C1F8BC0073
:105E4000206D68B12068D0F8BC0020F4E06101AAA0
:105E5000606D52F8200041EA00202168C1F8BC00C2
:105E60000C492068884205D16068806820F00300F2
:105E700061688860002044F8940FA06001202071C0
:105E8000943C2046FCF7B6FE064630469EE60000EF
:105E9000A891010800A0004010B5B6B00446142136
:105EA00030A8FAF771FCB82102A8FAF76DFC824914
:105EB0002068884251D14FF400410020CDE9021002
:105EC00048031D9002A801F023FD08B1FCF74DFE28
:105ED0007A480068401C7949086008460068012833
:105EE0000DD100BF7648006840F4807074490860A6
:105EF0000846006800F48070019000BF00BF00BF3A
:105F00006F480C38006840F008006D490C39086093
:105F10000846006800F00800019000BF00BF0320A1
:105F2000309002203190002032903390092034903C
:105F300030A9644800F054F900220521132000F034
:105F40000BFB132000F0F4FA00220521152000F0CD
:105F500003FB152000F0ECFAABE05B4920688842B7
:105F600051D14FF400410020CDE9021048031D90AB
:105F700002A801F0CDFC08B1FCF7F7FD4F4800681E
:105F8000401C4E4908600846006801280DD100BF3A
:105F90004B48006840F48070494908600846006832
:105FA00000F48070019000BF00BF00BF44480C386F
:105FB000006840F0020042490C3908600846006859
:105FC00000F00200019000BF00BF6020309002206E
:105FD00031900020329033900920349030A93B4812
:105FE00000F0FEF800220521142000F0B5FA14207C
:105FF00000F09EFA00220521162000F0ADFA1620CE
:1060000000F096FA55E032492068884251D14FF4A9
:1060100000410020CDE9021048031D9002A801F0C4
:1060200077FC08B1FCF7A1FD24480068401C234917
:1060300008600846006801280DD100BF20480068AC
:1060400040F480701E4908600846006800F48070C3
:10605000019000BF00BF00BF19480C38006840F035
:10606000080017490C3908600846006800F008006D
:10607000019000BF00BF4FF440503090022031909B
:106080000020329033900520349030A90D4800F064
:10609000A7F8002205219F2000F05EFA9F2000F063
:1060A00047FA00220521A02000F056FAA02000F0B7
:1060B0003FFA36B010BD000000A0004044000024AC
:1060C000EC440258000C025800A40040000402589E
:1060D00000D400407047000070B58CB005460E46F5
:1060E0002848854217D16B4602AA40212846FFF76F
:1060F0007DFA044624B9694602A8FAF760FF04E075
:1061000021484089401C20494881002201211D4826
:10611000FFF7F4F834E01D48854217D16B4602AA18
:1061200040212846FFF762FA044624B9694602A8CE
:10613000FAF74AFF04E014488089401C124988811C
:10614000002201211148FFF7D9F819E010488542D3
:1061500016D16B4602AA40212846FFF747FA0446AB
:1061600024B9694602A8FAF743FF04E00648C0894B
:10617000401C0549C881002201210548FFF7BEF8EF
:106180000CB070BD74090024ECCE0124140A002464
:10619000B40A00247047014691F8980001280CD1F8
:1061A000022081F898000868806920F001000A68E0
:1061B00090610020C1F89C007047D1F89C0040F02D
:1061C0000400C1F89C000120F6E770477047704753
:1061D00070477047704770477047704770470000BE
:1061E000F8B502460B4600216D4DD2E001278F40E5
:1061F0001E6806EA0704002C72D01E7906F003061A
:10620000012E04D01E7906F00306022E13D19068E9
:106210004F000326BE40B0434F00DE68BE4030430F
:106220009060506801268E40B0431E79C6F3001678
:106230008E40304350601E7906F00306032E09D0CD
:10624000D0684F000326BE40B0434F009E68BE405A
:106250003043D0601E7906F00306022E13D1CF081A
:1062600002F1200656F827004E07F70E0F26BE4013
:10627000B0434F07FF0E1E69BE403043CF0802F106
:10628000200646F8270010684F000326BE40B043A2
:106290001E7906F003064F00BE40304310605E6872
:1062A00006F44036002E73D000BF3E4E366846F0EE
:1062B00002063C4F3E603E46366806F002060096F7
:1062C00000BF00BF384E8F0856F827008E07370FE3
:1062D0000F26BE40B043354EB24202D1002629E01F
:1062E00056E0334EB24201D1012623E0314EB24294
:1062F00001D102261EE0304EB24201D1032619E040
:106300002E4EB24201D1042614E02D4EB24201D1EC
:1063100005260FE02B4EB24201D106260AE02A4E96
:10632000B24201D1072605E0284EB24201D109262A
:1063300000E00A268F073F0FBE4030431A4E8F08F9
:1063400046F827004FF0B0463068A0435E6806F478
:10635000801606B120434FF0B04630607068A0430D
:106360005E6806F4001606B120434FF0B046706038
:106370006868A0435E6806F4003606B12043686092
:106380002868A0435E6806F4803606B12043286082
:10639000491C1E68CE40002E7FF428AFF8BD0000D7
:1063A00080000058F44402580804005800000258C5
:1063B0000004025800080258000C0258001002584D
:1063C0000014025800180258001C025800240258F9
:1063D0000AB1816101E00B048361704701480068E4
:1063E00070470000BC000024034800680349097896
:1063F0000844014908607047BC000024C400002420
:1064000010B5032000F0E6F802F0F6FA104909682A
:10641000C1F303210F4A515C01F01F0120FA01F47E
:106420000B48006800F00F001146085C00F01F00E8
:1064300024FA00F008490860084804600F2000F0C2
:106440000FF808B1012010BD00F05AF80020FAE75B
:10645000184402581C920108CC000024C8000024F3
:10646000F0B58BB00446102C0AD2002221461C2025
:1064700000F072F81C2000F05BF81D48046002E098
:1064800001200BB0F0BD00BF1A48006840F00100C9
:10649000184908600846006800F00100019000BF3C
:1064A00000BF02A903A802F027FA089E1EB902F055
:1064B0007FFA054602E002F07BFA45000E48B5FB84
:1064C000F0F0471E4FF080400C49086040F2E73181
:1064D0000A48C160476000210161816003F08AFDC4
:1064E00018B9064803F0BEFDCBE70120C9E700005C
:1064F000C0000024E844025840420F00D01200249B
:1065000008B500BF0948006840F00200074908606C
:106510000846006800F00200009000BF00BF0022A3
:106520000F21901E00F018F808BD0000F444025836
:106530000146084600280DDB00BF00BF00F01F0326
:1065400001229A4043099B0003F1E023C3F8002194
:1065500000BF00BF00BF70472DE9F05F80460D46C9
:10656000164610F039F9074639462A46334601F0F7
:106570000700C0F1070ABAF1040F02D94FF0040A6C
:1065800001E0C0F1070AD14600F1040ABAF1070F91
:1065900002D24FF0000A01E0A0F1030AD4464FF006
:1065A000010A0AFA09FAAAF1010A0AEA020A0AFA2F
:1065B0000CFA4FF0010B0BFA0CFBABF1010B0BEAE1
:1065C000030B4AEA0B042146404610F00DF9BDE8E2
:1065D000F09F000000BF00F00702064B19684FF65D
:1065E000FF031940044B0B4343EA0221014B19609E
:1065F00000BF70470CED00E00000FA0500BF00BFCF
:1066000000BF00BF00BFBFF34F8F00BF00BF00BF80
:106610000948006800F4E06008490843001D064985
:10662000086000BF00BF00BFBFF34F8F00BF00BFB7
:1066300000BF00BF00BFFDE70CED00E00000FA0561
:1066400001460A680120C1F8D804002081F8CC0472
:10665000906940F000609061506D024B18435065A6
:106660000020704703000010704702461068416226
:1066700000207047F0B5034615461868446A21B9F2
:1066800044EA05401E68B06219E01868806A04EBAD
:106690001044002208E0186800F5827050F82200CB
:1066A00004EB1044501CC2B2481E9042F3D844EA96
:1066B0000547186800F582704E1E40F826700020CD
:1066C000F0BD10B50446D4F8E0040EF0E3F810BDB8
:1066D00070B504460D4605EBC50304F1140101EB4A
:1066E0008301CA682946D4F8E0040DF0CEFF70BDDE
:1066F00070B504460D4605EBC50304F5157101EBB5
:106700008301CA682946D4F8E0040EF042F870BD4F
:1067100010B50446D4F8E0040EF0BFF810BD2DE922
:10672000F04104460D4605F08000802808D105F0B0
:106730000F0000EBC00104F1140000EB810607E03C
:1067400005F00F0000EBC00104F5157000EB8106A9
:10675000314620680FF0F6FA07463846BDE8F0816A
:1067600070B504460E4606F0800080280AD106F077
:106770000F0000EBC00104F1140000EB81050120C3
:10678000687009E006F00F0000EBC00104F5157019
:1067900000EB81050020687006F00F00287000BF34
:1067A00094F89404012801D1022070BD012084F8DE
:1067B000940400BF294620680EF056FE00BF00205A
:1067C00084F8940400BF00BFEFE770B504460E469E
:1067D00006F00F002179884201D9012070BD06F032
:1067E000800080280AD106F00F0000EBC00104F100
:1067F000140000EB81050120687009E006F00F002D
:1068000000EBC00104F5157000EB810500206870F5
:106810000020A87006F00F00287000BF94F89404C0
:10682000012801D10220D9E7012084F8940400BF97
:10683000294620680FF012F800BF002084F8940465
:1068400000BF00BFCAE7024601F00F0000EBC00323
:1068500002F5157000EB8300406970472DE9F047A1
:1068600005460E4690461F464FF0000906F0800090
:1068700080280AD106F00F0000EBC00105F11400DA
:1068800000EB81040120607009E006F00F0000EBCE
:10689000C00105F5157000EB81040020607006F062
:1068A0000F002070C8F30A00A0602771607808B15B
:1068B00020786083022F01D10020607100BF95F81D
:1068C0009404012802D10220BDE8F087012085F858
:1068D000940400BF214628680EF0D0FC00BF0020C1
:1068E00085F8940400BF4846EEE72DE9F0410546DF
:1068F0000E461746984606F00F0000EBC00105F55E
:10690000157000EB8104E760C4F81080002060611E
:10691000607006F00F002070A879012800D1E761AF
:10692000AA79214628680FF02DF80020BDE8F081F3
:1069300070B504460D4605F00F002179884201D953
:10694000012070BD05F0800080280AD105F00F00FD
:1069500000EBC00104F1140000EB8106012070700F
:1069600007E005EBC50104F5157000EB810600207A
:1069700070700120B07005F00F00307000BF94F807
:106980009404012801D10220DBE7012084F894045B
:1069900000BF314620680EF0A8FF05F00F0028B9AF
:1069A000A17904F29C4220680EF020FF00BF002075
:1069B00084F8940400BF00BFC3E72DE9F041054609
:1069C0000E461746984606F00F0000EBC00105F191
:1069D000140000EB8104E760C4F8108000206061BF
:1069E0000120607006F00F002070A879012800D106
:1069F000E761AA79214628680EF0C4FF0020BDE8AF
:106A0000F0812DE9FE4F0446D4F800B05E462068C0
:106A10000FF07AFA002874D120680FF0B4FA08B9A0
:106A2000BDE8FE8F40F608008059C0F30D20C4F881
:106A3000D40420680FF0A7FA00F00200022805D164
:106A40002068406900F002002168486120680FF06A
:106A50009AFA00F01000102845D12068806920F0D3
:106A6000100021688861DBF8209009F00F0000EB2E
:106A7000C00104F5157000EB810AC9F343400228F8
:106A80001AD147F6F07009EA000030B3C9F30A12D0
:106A90005846DAF80C100FF07BFAC9F30A11DAF84D
:106AA0000C000844CAF80C00C9F30A11DAF8140003
:106AB0000844CAF8140010E0C9F3434006280CD17A
:106AC000082204F29C4158460FF062FAC9F30A11F9
:106AD000DAF814000844CAF814002068806940F00D
:106AE00010002168886120680FF04DFA00F4002042
:106AF000B0F5002F7BD1002520680FF014FA02902A
:106B000072E003E3029800F00100002868D0E9B2C7
:106B100020680FF02BFA804608F0010048B10121EF
:106B200006F5306000EB451081602946204608F0EC
:106B3000C3FA08F00800082809D1082106F53060DA
:106B400000EB451081602946204608F083FA08F0E2
:106B50001000102805D1102106F5306000EB45101B
:106B6000816008F00200022824D1DBF8140000F054
:106B70008000802807D140F60400805940F48061ED
:106B800040F60400815105EBC50104F5157000EBDA
:106B9000810A9AF80300012806D100208AF8030030
:106BA000E9B2204600F0BDFA022106F5306000EBA4
:106BB0004510816008F02000202805D1202106F52D
:106BC000306000EB4510816008F40050B0F5005FC4
:106BD00006D14FF4005106F5306000EB451081609E
:106BE0006D1C029840080290029800288AD1206803
:106BF0000FF0C9F900F48020B0F5802F7DD1206816
:106C00000FF087F9029000259AE0029800F0010049
:106C1000002873D0E9B220680FF08FF9804608F0A1
:106C20000100F0B305F00F0101208840019040F60B
:106C300034008159019821EA000040F6340188515E
:106C4000012106F5106000EB45108160A079012854
:106C500024D105EBC50104F1140000EB810005EB24
:106C6000C502C16804F1140000EB82008068014491
:106C700005EBC50204F1140000EB8200C1606DB9A0
:106C800005EBC50104F1140000EB8100006928B98F
:106C900004F29C42012120680EF0A8FDE9B22046D2
:106CA00000E001E0FFF714FD08F00800082805D116
:106CB000082106F5106000EB4510816008F0100017
:106CC000102805D1102106F5106000EB45108160F9
:106CD00008F04000402805D1402106F5106000EB87
:106CE0004510816008F0020002281DD1294658464F
:106CF0000FF0CDF805EBC50101E025E01CE004F143
:106D0000140000EB810A9AF80300012806D1002044
:106D10008AF80300E9B2204600F0FAF9022106F5EC
:106D2000106000EB4510816008F08000802803D1DE
:106D30002946204608F062FA6D1C0298400802902D
:106D4000029800287FF461AF20680FF01CF900F072
:106D50000040B0F1004F1CD140F60400805920F0F3
:106D6000010140F60400815194F8CC04012807D1B8
:106D7000002084F8CC0400212046FFF775FC02E0D7
:106D8000204600F0D7FA2068406900F000402168F2
:106D9000486120680FF0F7F800F40060B0F5006F6C
:106DA0000ED140F60800805900F0010010B12046D5
:106DB00000F018FB2068406900F400602168486119
:106DC00020680FF0E0F800F00060B0F1006F19D11A
:106DD0002068406900F000602168486194F8CC04A4
:106DE00068B9012084F8CC042068406DC0F38300AA
:106DF000C4F8D00401212046FFF736FC02E020460B
:106E000000F0F0FA20680FF0BEF800F48050B0F502
:106E1000805F7ED140F60400805920F0010140F6E9
:106E200004008151102120680FF031F8002732E072
:106E30004FF67F3106F5106000EB4710816006F5D4
:106E4000106000EB4710006820F4001106F5106098
:106E500000EB471001604FF67F3106F5306000EB24
:106E60004710816006F5306000EB4710006820F4A1
:106E7000001106F5306000EB4710016006F5306048
:106E800000EB4710006840F0006106F5306000EB51
:106E9000471001607F1C2079B842C9D840F61C0019
:106EA000805940F0011140F61C008151E07B70B127
:106EB000D6F8840840F00B01C6F8841840F6440068
:106EC000805940F00B0140F6440081510FE040F63C
:106ED0001400805942F22B01084340F614018851F6
:106EE000081F805940F00B014FF401608151D6F822
:106EF000000820F4FE60C6F80008A17904F29C4264
:106F000020680EF073FC2068406900F4805021680E
:106F100000E000E0486120680FF035F800F4005010
:106F2000B0F5005F17D120680EF010FA20680EF05F
:106F3000D8FFE07101F016FD0090E2792068009919
:106F40000FF0A8F8204600F0DDF92068406900F451
:106F500000502168486120680FF015F800F0080023
:106F6000082808D1204600F0ECF92068406900F0BC
:106F700008002168486120680FF005F800F08000E3
:106F8000802818D1DBF8180020F08000CBF818001A
:106F900001250DE005EBC50104F5157000EB81003E
:106FA000C078012803D1E9B22046FFF7B8FB6D1C79
:106FB0002079A842EED820680EF0E5FF00F480109A
:106FC000B0F5801F2DD1012522E006F5106000EB01
:106FD0004510D0F8009005EBC50104F1140000EB5A
:106FE00081000079012812D109F00040B0F1004F72
:106FF0000DD1012105EBC50204F1140000EB820064
:10700000C170E8B240F080012046FFF788FB6D1C9C
:107010002079A842D9D82068406900F480102168FE
:10702000486120680EF0AFFF00F40010B0F5001FBB
:1070300044D1012538E006F5306000EB4510D0F86A
:10704000009005EBC50104F5157000EB8100007997
:10705000012828D109F00040B0F1004F23D194F865
:10706000D40400F00100C9F3004188421BD1012182
:1070700005EBC50204F5157000EB8200C170DBF86A
:10708000180040F08000CBF81800DBF8140000F086
:10709000800040B940F60400805940F4007140F689
:1070A0000400815103E06D1C2079A842C3D800BFC1
:1070B0002068406900F400102168486120680EF0E3
:1070C00062FF00F08040B0F1804F08D12046FFF70A
:1070D000F8FA2068406900F0804021684861206823
:1070E0000EF051FF00F0040004280FD12068D0F802
:1070F000049009F00400042802D12046FFF708FBA1
:107100002068406840EA09002168486000BF87E4C1
:1071100070B504460D462946D4F8E0040DF02EFC67
:1071200070BD70B504460D462946D4F8E0040DF054
:1071300049FC70BD38B504460CB9012038BD94F83F
:10714000950428B9002084F89404204600F0A2F8A1
:10715000032084F8950420680EF040FB207C8DF815
:10716000000094E80F000EF005F920B1022084F829
:1071700095040120E2E7002120680EF039FF20B1DC
:10718000022084F895040120D8E7002531E0012190
:1071900005EBC50204F1140000EB8200417005EB21
:1071A000C50104F1140000F8215005EBC50100EB06
:1071B00081004583002105EBC50204F1140000EBBA
:1071C0008200017105EBC50204F1140000EB82009E
:1071D000816005EBC50204F1140000EB8200C16080
:1071E00005EBC50204F1140000EB82000161681C8C
:1071F000C5B22079A842CADC00252AE0002105EBAF
:10720000C50204F5157000EB8200417005EBC50165
:1072100004F5157000F82150002105EBC50200EBC4
:107220008200017105EBC50204F5157000EB8200C8
:10723000816005EBC50204F5157000EB8200C160AA
:1072400005EBC50204F5157000EB82000161681CB6
:10725000C5B22079A842D1DC207C8DF8000094E8EA
:107260000F000EF0CBF920B1022084F89504012024
:1072700064E700206074012084F89504207B0128D5
:1072800002D12046FFF7DCF920680EF0A5F90020B6
:1072900054E7000010B5B0B00446B82102A8F9F7D1
:1072A00073FA16492068884225D14FF480210020C6
:1072B000CDE902104FF44010239002A800F028FB03
:1072C00008B1FBF752FC00F0D7F800BF0C4800688B
:1072D00040F000700A4908600846006800F000703D
:1072E000019000BF00BF002205214D20FFF734F9B7
:1072F0004D20FFF71DF930B010BD00000000044024
:10730000D844025870B504460125E07908B9002533
:1073100006E0E079022801D1012501E0FBF725FC18
:107320002946D4F8E0040DF0F6FBD4F8E0040DF0A3
:107330009DFB70BD10B50446D4F8E0040DF0CCFB05
:1073400010BD10B50446D4F8E0040DF0D0FB10BD1C
:1073500070B504460D4600BF94F89404012801D18D
:10736000022070BD012084F8940400BF6574294692
:1073700020680EF071FE00BF002084F8940400BF66
:1073800000BFEEE710B5044604F29C41D4F8E004D7
:107390000DF0D8FB10BD70B50446256800BF94F809
:1073A0009404012801D1022070BD012084F89404C6
:1073B00000BFE86800F0400030B1607B012803D1D5
:1073C000A86B40F48030A86320680EF031FD20687F
:1073D0000EF0F0F800BF002084F8940400BF00BF56
:1073E000E2E7000010B50446D4F8E0040DF007FC15
:1073F0002068D0F8000E40F001002168C1F8000EAE
:10740000E07A28B10348006840F0060001490860AE
:1074100010BD000010ED00E070B50446154800688E
:10742000C0F3800048B91348006800F00700A0428C
:1074300001D0012070BD0020FCE70E48006820F05C
:10744000070020430B490860FEF7C8FF054607E028
:10745000FEF7C4FF401BB0F57A7F01D90120E9E7B0
:10746000044808380068C0F340300028F0D00020FD
:10747000E0E700000C4802580348006840F08070C4
:1074800001490860704700000C48025810B501F02F
:1074900069FA05490968C1F30211044A515C01F017
:1074A0001F01C84010BD0000204402581C92010872
:1074B00070B50146844D2D6805F00303824D2D689B
:1074C000C5F30530804D2D1D2D68C5F300147E4D8C
:1074D00014352D68C5F3CC0515FB04F501EE105AE3
:1074E000B8EE411AF0EE410A00286FD023B1012B0B
:1074F0004ED0022B6BD16BE0734D283D2D68C5F348
:1075000040153DB3704D283D2D68C5F3C1066F4D44
:1075100025FA06F201EE102AF8EE411A01EE100AE1
:10752000B8EE411A81EE812A9FED691AC0EE811AE8
:10753000654D10352D68C5F3080501EE105AB8EEFB
:10754000411A31EE811AF7EE001A31EE211A22EEBD
:10755000010A1CE001EE100AB8EE411ADFED5D1AD7
:1075600081EE812A9FED5A1AC0EE811A564D1035D0
:107570002D68C5F3080501EE105AB8EE411A31EE38
:10758000811AF7EE001A31EE211A22EE010A5BE0B1
:1075900001EE100AB8EE411ADFED4F1A81EE812A92
:1075A0009FED4B1AC0EE811A474D10352D68C5F37B
:1075B000080501EE105AB8EE411A31EE811AF7EEC5
:1075C000001A31EE211A22EE010A3DE077E01DE0BB
:1075D00001EE100AB8EE411A9FED402AC2EE011AE0
:1075E0009FED3B1A80EE812A374D10352D68C5F38B
:1075F000080501EE105AB8EE411A32EE011AB7EE44
:10760000002A31EE021A21EE810A1DE001EE100A75
:10761000B8EE411ADFED301A81EE812A9FED2C1A67
:10762000C0EE811A284D10352D68C5F3080501EE0E
:10763000105AB8EE411A31EE811AF7EE001A31EE07
:10764000211A22EE010A00BF00BF1F4D10352D6820
:10765000C5F3462501EE105AB8EE411AF7EE001AAE
:1076600031EE211AC0EE011ABCEEE11A81ED001ACA
:10767000154D10352D68C5F3064501EE105AB8EECC
:10768000411AF7EE001A31EE211AC0EE011ABCEED3
:10769000E11A81ED011A0C4D10352D68C5F3066510
:1076A00001EE105AB8EE411AF7EE001A31EE211A27
:1076B000C0EE011ABCEEE11A81ED021A03E00025CA
:1076C0000D604D608D6070BD284402580090D0035D
:1076D000000000460024744C0024744A001BB74B81
:1076E00070B50146844D2D6805F00303824D2D6869
:1076F000C5F30550804D2D1D2D68C5F300247E4D2A
:107700001C352D68C5F3CC0515FB04F501EE105AA8
:10771000B8EE411AF0EE410A00286FD023B1012BD8
:107720004ED0022B6BD16BE0734D283D2D68C5F315
:1077300040153DB3704D283D2D68C5F3C1066F4D12
:1077400025FA06F201EE102AF8EE411A01EE100AAF
:10775000B8EE411A81EE812A9FED691AC0EE811AB6
:10776000654D18352D68C5F3080501EE105AB8EEC1
:10777000411A31EE811AF7EE001A31EE211A22EE8B
:10778000010A1CE001EE100AB8EE411ADFED5D1AA5
:1077900081EE812A9FED5A1AC0EE811A564D183596
:1077A0002D68C5F3080501EE105AB8EE411A31EE06
:1077B000811AF7EE001A31EE211A22EE010A5BE07F
:1077C00001EE100AB8EE411ADFED4F1A81EE812A60
:1077D0009FED4B1AC0EE811A474D18352D68C5F341
:1077E000080501EE105AB8EE411A31EE811AF7EE93
:1077F000001A31EE211A22EE010A3DE077E01DE089
:1078000001EE100AB8EE411A9FED402AC2EE011AAD
:107810009FED3B1A80EE812A374D18352D68C5F350
:10782000080501EE105AB8EE411A32EE011AB7EE11
:10783000002A31EE021A21EE810A1DE001EE100A43
:10784000B8EE411ADFED301A81EE812A9FED2C1A35
:10785000C0EE811A284D18352D68C5F3080501EED4
:10786000105AB8EE411A31EE811AF7EE001A31EED5
:10787000211A22EE010A00BF00BF1F4D18352D68E6
:10788000C5F3462501EE105AB8EE411AF7EE001A7C
:1078900031EE211AC0EE011ABCEEE11A81ED001A98
:1078A000154D18352D68C5F3064501EE105AB8EE92
:1078B000411AF7EE001A31EE211AC0EE011ABCEEA1
:1078C000E11A81ED011A0C4D18352D68C5F30665D6
:1078D00001EE105AB8EE411AF7EE001A31EE211AF5
:1078E000C0EE011ABCEEE11A81ED021A03E0002598
:1078F0000D604D608D6070BD284402580090D0032B
:10790000000000460024744C0024744A001BB74B4E
:107910002DE9F04104460025A8464FF00062D4E965
:10792000001011400020134659404040014331D11E
:10793000606E48B1B0F5801F0DD0B0F5001F11D0BA
:10794000B0F5401F16D114E0FE48006840F4003046
:10795000FC49086010E0022104F1080008F034F846
:10796000054609E0022104F1280008F0DFF8054689
:1079700002E001E0012500BF00BF55B9F148243005
:10798000006820F44010616E0843EE49243108601D
:1079900000E0A8464FF48072D4E9001011400020A6
:1079A00013465940404001432ED1A06D05281BD2FB
:1079B000DFE800F0030A11181900E248006840F4FB
:1079C0000030E049086011E0002104F1080007F0F0
:1079D000FBFF05460AE0002104F1280008F0A6F8A4
:1079E000054603E002E001E0012500BF00BF55B9F4
:1079F000D4482430006820F00700A16D0843D14925
:107A00002431086000E0A8464FF48062D4E90010F9
:107A10001140002013465940404001433DD1D4F865
:107A2000A400B0F5C00F24D007DC68B1B0F5001F8A
:107A300011D0B0F5800F1FD114E0B0F5000F19D0B0
:107A4000B0F5200F18D116E0BE48006840F40030B1
:107A5000BC49086012E0002104F1080007F0B4FFFF
:107A600005460BE0002104F1280008F05FF8054608
:107A700004E003E002E001E0012500BF00BF5DB9C2
:107A8000B0482C30006820F46000D4F8A4100843FB
:107A9000AC492C31086000E0A8464FF40062D4E9FC
:107AA00000011040002113465840494008433DD191
:107AB000D4F8A800B0F1407F24D007DC68B1B0F161
:107AC000807F11D0B0F1007F1FD114E0B0F1806F42
:107AD00019D0B0F1A06F18D116E09A48006840F4B0
:107AE00000309849086012E0002104F1080007F016
:107AF0006BFF05460BE0002104F1280008F016F8A2
:107B0000054604E003E002E001E0012500BF00BFFC
:107B10005DB98C482C30006820F0E060D4F8A810E3
:107B2000084388492C31086000E0A8464FF00073F4
:107B3000D4E900101940002059404040014328D1A9
:107B4000E06CA8B1102804D0202809D0302810D12A
:107B50000DE07C48006840F400307A4908600AE093
:107B6000022104F1080007F02FFF054603E002E0C0
:107B700001E0012500BF00BF55B972482030006800
:107B800020F03000E16C08436E492031086000E0CD
:107B9000A8464FF48053D4E9001019400020594002
:107BA0004040014337D1E06DB0F5005F1AD004DCEE
:107BB00050B1B0F5805F1ED10DE0B0F5405F18D038
:107BC000B0F5804F17D115E05E48006840F40030F2
:107BD0005C49086011E0002104F1080007F0F4FEA0
:107BE00005460AE0002104F1280007F09FFF054642
:107BF00003E002E001E0012500BF00BF55B9514894
:107C00002430006820F4E040E16D08434D49243100
:107C1000086000E0A8464FF40053D4E90010194072
:107C2000002059404040014335D1206EB0F5403F1F
:107C30001ED007DC68B1B0F5803F0BD0B0F5003F37
:107C400019D10EE0B0F5802F13D0B0F5A02F12D1CE
:107C500010E012E0012104F1080007F0B5FE05462E
:107C60000BE0012104F1280007F060FF054604E065
:107C700003E002E001E0012500BF00BF55B9314833
:107C80002430006820F4E020216E08432D4924317F
:107C9000086000E0A8464FF48042D4E9000110409B
:107CA0000021134658404940084337D1D4F8AC006E
:107CB000B0F1405F1ED007DC68B1B0F1805F0BD03F
:107CC000B0F1005F19D10EE0B0F1804F13D0B0F1E8
:107CD000A04F12D110E012E0012104F1080007F0DA
:107CE00073FE05460BE0012104F1280007F01EFF9A
:107CF000054604E003E002E001E0012500BF00BF0B
:107D00005DB910482C30006820F0E040D4F8AC1089
:107D100008430C492C31086000E0A8464FF40043AA
:107D2000D4E90001184000215840494008432AD1B5
:107D3000E06EB8B1B0F1805F06D0B0F1005F12D153
:107D400009E000002C440258F948006840F4003073
:107D5000F749086009E0012104F1080007F034FE4A
:107D6000054602E001E0012500BF00BF55B9F0481B
:107D70002430006820F04050E16E0843EC49243183
:107D8000086000E0A8464FF08073D4E90010194065
:107D9000002059404040014328D1A06CA8B10128DF
:107DA00004D0022809D0032810D10DE0E048006873
:107DB00040F40030DE4908600AE0022104F10800C6
:107DC00007F002FE054603E002E001E0012500BFE6
:107DD00000BF55B9D6482030006820F00300A16CE0
:107DE0000843D3492031086000E0A8464FF48003DF
:107DF000D4E90010194000205940404001437DD192
:107E0000CC48006840F48070CA490860FEF7E6FA82
:107E1000064606E0FEF7E2FA801B642801D9032536
:107E200005E0C448006800F480700028F2D000BF6C
:107E300085BBBF484430006800F44070B4F8B0100F
:107E400001F44071884213D0B9484430006820F4EE
:107E50004077B7484430006840F48030B44944313A
:107E600008600846006820F4803008600846076013
:107E7000D4F8B000B0F5807F15D1FEF7AFFA064612
:107E800009E0FEF7ABFA801B41F28831884202D943
:107E9000032507E038E0A64844300068C0F34000FE
:107EA0000028EED000BF55BB00BFB4F8B00000F40E
:107EB0004070B0F5407F0ED19D481C38006820F41A
:107EC0007C519D4AD4F8B000104041EA1010984906
:107ED0001C39086007E096481C38006820F47C5084
:107EE00093491C390860924844300068B4F8B010D7
:107EF000C1F30B0108438E49443101E005E001E084
:107F0000086002E0A84600E0A8460122D4E900018A
:107F100010400021134658404940084330D1A06F1B
:107F200018281AD005DC48B1082808D0102817D125
:107F30000CE0202812D0282812D110E012E00121F4
:107F400004F1080007F040FD05460BE0012104F1B3
:107F5000280007F0EBFD054604E003E002E001E045
:107F6000012500BF00BF55B971482830006820F0D6
:107F70003800A16F08436E492831086000E0A84628
:107F80000223D4E900101940002059404040014329
:107F900029D1606F062816D2DFE800F003040B1227
:107FA000131412E0012104F1080007F00DFD05464D
:107FB0000BE0012104F1280007F0B8FD054604E0BC
:107FC00003E002E001E0012500BF00BF55B95848B9
:107FD0002830006820F00700616F084354492831B9
:107FE000086000E0A8460422D4E9001011400020F7
:107FF00013465940404001432BD1D4F89000062845
:1080000016D2DFE800F003040B12131412E0012172
:1080100004F1080007F0D8FC05460BE0012104F14B
:10802000280007F083FD054604E003E002E001E0DC
:10803000012500BF00BF5DB93D482C30006820F02D
:108040000700D4F89010084339492C31086000E04B
:10805000A8462023D4E90001184000215840494097
:10806000084337D1D4F88C00B0F1405F1ED007DC54
:1080700068B1B0F1805F0BD0B0F1005F19D10EE0B4
:10808000B0F1804F13D0B0F1A04F12D110E012E048
:10809000002104F1080007F097FC05460BE00221DF
:1080A00004F1280007F042FD054604E003E002E089
:1080B00001E0012500BF00BF5DB91D482830006800
:1080C00020F0E040D4F88C100843194928310860AA
:1080D00000E0A8464023D4E9001019400020594090
:1080E000404001433CD1D4F89800B0F5406F25D012
:1080F00007DC68B1B0F5806F0BD0B0F5006F20D110
:108100000EE0B0F5805F1AD0B0F5A05F19D117E08E
:1081100019E0002104F1080007F056FC054612E0C2
:10812000022104F1280007F001FD05460BE00000E4
:108130002C44025800480258FFFCFF0F03E002E005
:1081400001E0012500BF00BF4DB9FE48006820F4E2
:10815000E050D4F898100843FA49086000E0A846B7
:108160008023D4E9001019400020594040400143C9
:1081700035D1D4F89C00B0F5C04F1ED007DC68B1F3
:10818000B0F5005F0BD0B0F5804F19D10EE0B0F51F
:10819000004F13D0B0F5204F12D110E012E00021B3
:1081A00004F1080007F010FC05460BE0022104F181
:1081B000280007F0BBFC054604E003E002E001E014
:1081C000012500BF00BF4DB9DE48006820F46040C3
:1081D000D4F89C100843DB49086000E0A846082357
:1081E000D4E900011840002158404940084317D104
:1081F000D4F88000B0F5805F07D1022104F1280097
:1082000007F094FC08B14FF00108CE48001F006849
:1082100020F44050D4F880100843CA49091F086070
:108220001023D4E900011840002158404940084378
:1082300015D1D4F89400B0F5807F07D1022104F164
:10824000280007F073FC08B14FF00108BD48006832
:1082500020F44070D4F894100843BA4908604FF4F1
:108260000023D4E900011840002158404940084348
:1082700027D1D4F8A00030B1B0F5803F0AD0B0F5D6
:10828000003F0FD10DE0002104F1080007F09CFB36
:10829000054609E0022104F1280007F047FC0546E5
:1082A00002E001E0012500BF00BF4DB9A54800680C
:1082B00020F44030D4F8A0100843A249086000E040
:1082C000A8464FF48023D4E900011840002158400B
:1082D000494008432DD1D4F88400B0F5801F06D062
:1082E000B0F5001F0CD0B0F5401F11D10FE095483C
:1082F0002C38006840F4003092492C39086009E0BD
:10830000012104F1280007F011FC054602E001E01C
:10831000012500BF00BF5DB98A48001F006820F436
:108320004010D4F8841008438649091F086000E013
:10833000A8464FF48032D4E90001104000211346D2
:1083400058404940084325D1206D18B1B0F5803F11
:1083500010D108E07B482C38006840F4003079499F
:108360002C39086008E0022104F1080007F02CFB1A
:10837000054601E0012500BF00BF55B971480C3822
:10838000006820F48030216D08436E490C39086084
:1083900000E0A8464FF00053D4E900101940002037
:1083A00059404040014307D1022104F1280007F061
:1083B000BDFB08B14FF001084FF40032D4E90001D1
:1083C00010400021134658404940084327D1E06F30
:1083D000A0B1B0F5807F06D0B0F5007F0CD0B0F52D
:1083E000407F0CD109E057482C38006840F4003039
:1083F00054492C39086004E003E002E001E0012563
:1084000000BF00BF55B94F48001F006820F44070FE
:10841000E16F08434B49091F086000E0A8464FF48C
:108420008012D4E90010114000201346594040400A
:10843000014309D143480838006820F00040216F0B
:1084400008434049083908604FF40013D4E900019B
:108450001840002158404940084309D1394808389C
:10846000006820F08070A16E084336490839086022
:108470004FF08043D4E9001019400020594040409B
:10848000014311D100BF2F484838006820F4004054
:108490002C494839086008460068D4F8B4100843ED
:1084A00028494839086000BF4FF00042D4E9000174
:1084B00010400021134658404940084309D1214843
:1084C0000C38006820F04050616D08431D490C399C
:1084D00008604FF40002D4E9001011400020134658
:1084E0005940404001430AD11648001F006820F45B
:1084F0004000D4F8881008431249091F086001227F
:1085000000216068104049405040014306D104F109
:10851000080007F059FA054605B1A84602220021D5
:108520006068104049405040014307D1012104F1E7
:10853000080007F049FA054605B1A84604230020C3
:10854000616801E0584402581940042240405140FB
:10855000084307D1022104F1080007F035FA054667
:1085600005B1A84608230020616819400822404050
:108570005140084307D1002104F1280007F0D6FA42
:10858000054605B1A8461023002061681940102255
:1085900040405140084307D1012104F1280007F071
:1085A000C5FA054605B1A8462022002160681040A2
:1085B00049405040014307D1022104F1280007F04F
:1085C000B5FA054605B1A846B8F1000F02D1002062
:1085D000BDE8F0810120FBE72DE9F04104460D469E
:1085E00014B90120BDE8F081BD48006800F00F001B
:1085F000A8420ED2BA48006820F00F002843B849BC
:1086000008600846006800F00F00A84201D0012071
:10861000E8E7207800F0040004280ED1B149206971
:10862000096801F07001884207D9AE48006820F05F
:10863000700021690843AB490860207800F0080009
:10864000082811D1A749091D6069096801F0700166
:10865000884209D9A348001D006820F070006169B4
:108660000843A049091D0860207800F01000102878
:1086700011D19C49091DA069096801F4E061884293
:1086800009D99848001D006820F4E060A1690843FA
:108690009449091D0860207800F02000202811D19D
:1086A00090490831E069096801F07001884209D9F0
:1086B0008C480830006820F07000E169084389495F
:1086C00008310860207800F0020002280ED18549A8
:1086D000E068096801F00F01884207D98148006805
:1086E00020F00F00E16808437E490860207800F020
:1086F0000100002850D07B48006820F47060A16819
:108700000843784908606068022807D1754818381E
:108710000068C0F34040F8B9012063E760680328AF
:1087200007D1704818380068C0F34060A0B9012034
:1087300058E76068012807D16A4818380068C0F314
:10874000002048B901204DE7664818380068C0F39A
:10875000800008B9012045E762480838006820F029
:108760000700616808435F4908390860FDF736FE75
:10877000064608E0FDF732FE801B41F28831884250
:1087800001D903202EE757480838006800F0380068
:108790006168B0EBC10FEDD1207800F00200022833
:1087A0000ED15049E068096801F00F01884207D2F4
:1087B0004C48006820F00F00E16808434949086010
:1087C0004748006800F00F00A8420ED944480068EE
:1087D00020F00F002843424908600846006800F076
:1087E0000F00A84201D00120FCE6207800F0040030
:1087F00004280ED13B492069096801F070018842C4
:1088000007D23848006820F07000216908433549D4
:108810000860207800F00800082811D13149091DAE
:108820006069096801F07001884209D22D48001D75
:10883000006820F07000616908432A49091D08603A
:10884000207800F01000102811D12649091DA069D8
:10885000096801F4E061884209D22248001D0068DD
:1088600020F4E060A16908431E49091D08602078D2
:1088700000F02000202811D11A490831E069096868
:1088800001F07001884209D216480830006820F0D3
:108890007000E169084313490831086000F0ACF842
:1088A00010490968C1F303210F4A515C01F01F010F
:1088B00020FA01F70B48006800F00F001146085C31
:1088C00000F01F0027FA00F0084908600848076018
:1088D00008480068FDF7C4FD8046404682E6000077
:1088E00000200052184402581C920108CC000024B9
:1088F000C8000024C00000243F220260174A12680A
:1089000002F007024260154A0832126802F47062EF
:108910008260124A0832126802F00F02C2600F4AE7
:108920000832126802F0700202610C4A0C321268BE
:1089300002F070024261094A0C32126802F4E062ED
:108940008261064A1032126802F07002C261044A63
:10895000126802F00F020A607047000010440258CB
:108960000020005210B500F047F80D490968C1F326
:1089700003210C4A515C01F01F0120FA01F4084860
:10898000006800F00F001146085C00F01F0024FA98
:1089900000F005490860054804600846006810BDFD
:1089A000184402581C920108CC000024C80000247E
:1089B00000B5FFF7D7FF05490968C1F30211044A62
:1089C000515C01F01F01C84000BD00001C4402586A
:1089D0001C92010800B5FFF7C5FF05490968C1F3FE
:1089E0000221044A515C01F01F01C84000BD000093
:1089F0001C4402581C920108F0B5824E366806F0FD
:108A0000380636B1082E15D0102E15D0182E7DD16F
:108A100014E07C4E103E3668C6F3401646B1794EDF
:108A2000103E3668C6F3C107774E26FA07F000E01D
:108A30007548E5E07548E3E07548E1E0714E1836A9
:108A4000366806F003046F4E18363668C6F3051113
:108A50006C4E1C36366806F001056A4E24363668C0
:108A6000C6F3CC0616FB05F601EE106AB8EE410A15
:108A7000002971D024B1012C50D0022C6DD16DE0B1
:108A8000604E103E3668C6F340163EB35D4E103E53
:108A90003668C6F3C1075C4E26FA07F301EE103ABA
:108AA000F8EE411A01EE101AB8EE411A81EE812A51
:108AB0009FED581AC0EE011A524E20363668C6F3A2
:108AC000080601EE106AB8EE411A31EE811AF7EE8F
:108AD000001A31EE211A62EE010A1EE001EE101AB0
:108AE000B8EE411ADFED4C1A81EE812A9FED491A4A
:108AF000C0EE011A434E20363668C6F3080601EE72
:108B0000106AB8EE411A31EE811A00E076E0F7EE15
:108B1000001A31EE211A62EE010A5BE001EE101A32
:108B2000B8EE411A9FED3D2AC2EE011A9FED391AA7
:108B300080EE012A334E20363668C6F3080601EE71
:108B4000106AB8EE411A32EE011AB7EE002A31EE81
:108B5000021A61EE810A3DE04EE01DE001EE101ABE
:108B6000B8EE411ADFED2E1A81EE812A9FED291A07
:108B7000C0EE011A234E20363668C6F3080601EE11
:108B8000106AB8EE411A31EE811AF7EE001A31EE92
:108B9000211A62EE010A1DE001EE101AB8EE411A28
:108BA0009FED1E2AC2EE011A9FED1A1A80EE012ACD
:108BB000144E20363668C6F3080601EE106AB8EE89
:108BC000411A32EE011AB7EE002A31EE021A61EEB6
:108BD000810A00BF00BF0B4E20363668C6F346261A
:108BE000721C01EE102AB8EE411AC0EE811ABCEEDA
:108BF000E11A11EE100A00E0002001E0034800BF76
:108C000000BFF0BD104402580090D00300093D00A1
:108C100000366E01000000460024744C0024744AA3
:108C2000001BB74B2DE9F047044614B90120BDE8FD
:108C3000F087207800F00100002870D0F948006823
:108C400000F03808F7481830D0F80090B8F1100F4D
:108C500006D0B8F1180F0FD109F0030002280BD18C
:108C6000F04810380068C0F3404000286AD06068BF
:108C7000002867D10120DAE700BF6068B0F5803FC7
:108C800008D1E8481038006840F48030E5491039D0
:108C900008602EE0606868B9E2481038006820F487
:108CA0008030E049103908600846006820F48020D0
:108CB00008601EE06068B0F5A02F0DD1D9481038CB
:108CC000006840F48020D7491039086008460068E1
:108CD00040F4803008600CE0D2481038006820F47E
:108CE0008030D049103908600846006820F48020A0
:108CF000086000BF606898B1FDF770FB054606E0AC
:108D0000FDF76CFB401B642801D903208FE7C548A1
:108D100010380068C0F340400028F1D012E012E0A3
:108D2000FDF75CFB054606E0FDF758FB401B642899
:108D300001D903207BE7BB4810380068C0F34040EE
:108D40000028F1D100BF207800F00200022879D17C
:108D5000B448006800F03808B2481830D0F80090E5
:108D6000B8F1000F05D0B8F1180F35D109F00300A4
:108D700088BBAC4810380068C0F3800018B1E068C8
:108D800008B9012053E7A7481038006820F01900FF
:108D9000E1680843A34910390860FDF71FFB054649
:108DA00006E0FDF71BFB401B022801D903203EE72C
:108DB0009C4810380068C0F380000028F1D0994822
:108DC0000C38006820F0FE40217C40EA01609549A3
:108DD0000C39086045E0FFE7E06838B39148103887
:108DE000006820F01900E16808438E4910390860D6
:108DF000FDF7F4FA054606E0FDF7F0FA401B0228FD
:108E000001D9032013E7874810380068C0F38000B9
:108E10000028F1D083480C38006820F0FE40217C07
:108E200040EA01607F490C3908601AE07D4810383B
:108E3000006820F001007B4910390860FDF7CEFA88
:108E4000054607E00EE0FDF7C9FA401B022801D9EC
:108E50000320ECE6734810380068C0F38000002857
:108E6000F1D100BF207800F0100010286FD16D48BC
:108E7000006800F038086B481830D0F80090B8F15E
:108E8000080F06D0B8F1180F1CD109F00300012813
:108E900018D1644810380068C0F3002020B1E069A0
:108EA000802801D00120C2E600BF5E48001F006894
:108EB00020F07C5094F8201040EA01605949091FC5
:108EC000086043E0E06938B356481038006840F065
:108ED0008000544910390860FDF780FA054606E025
:108EE000FDF77CFA401B022801D903209FE64D487C
:108EF00010380068C0F300200028F1D000BF4948B6
:108F0000001F006820F07C5094F8201040EA0160B7
:108F10004449091F086019E042481038006820F0F1
:108F20008000404910390860FDF758FA054606E010
:108F3000FDF754FA401B022801D9032077E639488F
:108F400010380068C0F300200028F1D100BF20785D
:108F500000F00800082836D16069D0B1314864308B
:108F6000006840F001002F4964310860FDF736FACF
:108F7000054606E0FDF732FA401B022801D903201E
:108F800055E6284864300068C0F340000028F1D05E
:108F900019E024486430006820F001002149643160
:108FA0000860FDF71BFA054606E0FDF717FA401BBF
:108FB000022801D903203AE61A4864300068C0F359
:108FC00040000028F1D1207800F02000202838D17E
:108FD000A069D0B113481038006840F4805011499E
:108FE00010390860FDF7FAF9054606E0FDF7F6F9D5
:108FF000401B022801D9032019E60A4810380068EE
:10900000C0F340300028F1D01BE00648103800685B
:1090100020F48050034910390860FDF7DFF9054658
:1090200009E0000010440258FDF7D8F9401B02285F
:1090300001D90320FBE5D0480068C0F34030002888
:10904000F2D1207800F0040004287DD1CB480068DC
:1090500040F48070C9490860FDF7C0F9054606E094
:10906000FDF7BCF9401B642801D90320DFE5C348A4
:10907000006800F480700028F2D000BFA0680128CA
:1090800008D1BD487030006840F00100BA49703125
:1090900008602DE0A06868B9B7487030006820F01B
:1090A0000100B549703108600846006820F00400EE
:1090B00008601DE0A06805280DD1AF487030006839
:1090C00040F00400AC49703108600846006840F088
:1090D000010008600CE0A8487030006820F0010032
:1090E000A549703108600846006820F00400086057
:1090F00000BFA068A0B1FDF771F9054608E0FDF7D3
:109100006DF9401B41F28831884201D903208EE578
:10911000994870300068C0F340000028EFD013E099
:10912000FDF75CF9054608E0FDF758F9401B41F2F0
:109130008831884201D9032079E58F487030006872
:10914000C0F340000028EFD1606A00287DD08A4833
:109150001030006800F03800182877D0606A0228C4
:1091600075D18548006820F0807083490860FDF75C
:1091700035F9054606E0FDF731F9401B022801D913
:10918000032054E57C480068C0F340600028F2D119
:1091900000BFD4E90A1041EA001077492831096874
:1091A00040F2F33291430843734928310860208E1E
:1091B000401EC0F30800616B491E4FF47E4202EA74
:1091C00041210843218F491ED20102EA014108438F
:1091D0003C21095D491E120202EA01610843664909
:1091E0003031086000BF081F006820F00100091F2F
:1091F00008606148343000684FF6F8718843A16C0C
:1092000040EAC1005C49343108605B482C3000689A
:1092100020F00C00216C084357492C3108600846A7
:10922000006820F00200616C084353492C3108604B
:109230000846006840F4803008600846006840F442
:10924000003008600846006802E092E038E01FE065
:1092500040F4802008600846006840F00100086083
:109260004548006840F0807043490860FDF7B6F853
:10927000054606E0FDF7B2F8401B022801D903209D
:10928000D5E43D480068C0F340600028F2D070E0AB
:109290003948006820F0807037490860FDF79EF873
:1092A000054606E0FDF79AF8401B022801D9032085
:1092B000BDE431480068C0F340600028F2D158E0B6
:1092C0002D48283007682C4830300668606A01282D
:1092D00021D007F00301A06A81421CD1C7F3051118
:1092E000E06A884217D1C6F30801206B401E814214
:1092F00011D1606B401EC6F3462188420BD1A06B92
:10930000401EC6F30641884205D1E06B401EC6F3FD
:109310000661884201D0012089E417483430006892
:10932000C0F3CC07A06CB84223D013482C3000689F
:1093300020F0010010492C310860FDF74FF8054678
:1093400000BFFDF74BF8401BFBD00B4834300068E2
:109350004FF6F8718843A16C40EAC10006493431E8
:10936000086005482C30006840F0010002492C31AB
:10937000086000205BE400000044025800480258E6
:109380002DE9F04104460D4616461F4614B901204A
:10939000BDE8F081D4F8880028B9002084F8840062
:1093A000204601F0D9FF2420C4F888002068006816
:1093B00020F0010021680860A06A10B1204609F081
:1093C0007DFB204609F0AEFD012800D1E0E72068D2
:1093D000806840F48040216888602068806820F4BC
:1093E00000402843216888604FEA465848EA074809
:1093F000206800680749084040EA080021680860C2
:109400002068006840F0010021680860204609F0EB
:10941000D1FBBDE7FFFF00FC704700002DE9F047DE
:109420000446206807692068D0F8148007EA080518
:109430002068D0F808904FF0000A94F8816008F492
:109440000060B0F5006F0ED107F0080008280AD1BF
:109450002068806940F4006021688861204600F03F
:10946000B8FABDE8F08705F0400070B905F02000BB
:1094700058B905F00400042807D12046616F8847D9
:109480002046216F88474FF0010A05F0400050B98F
:1094900005F0010038B105F0040020B92046216F25
:1094A00088474FF0010A05F0200058B905F0020086
:1094B000022807D105F0040020B92046616F8847D3
:1094C0004FF0010ABAF1000F00D0CAE705F008001A
:1094D000082863D12068806940F00800216888610D
:1094E0002068806940F010002168886120688069E8
:1094F00040F40060216888612068006920F008005D
:10950000216808612068806800F4404038BB22E090
:10951000E0680F2807D92068006B616E0860606EF4
:10952000001D606612E0E068072807D92068008EF9
:10953000616E0880606E801C606607E0206890F8AD
:109540003000616E0870606E401C6066B4F86A009E
:10955000401EA4F86A00B4F86A000028D8D120465A
:1095600007F062FD012084F88100D4F8840018B16E
:109570002046FFF751FF74E7052E03D1204600F087
:1095800054FC0AE0042E03D1204600F021FA04E046
:10959000032E02D1204600F047FC62E705F4587024
:1095A00000287DD005F0400058B1D4F8840040F088
:1095B0000400C4F884002068806940F040002168FD
:1095C000886105F4007058B1D4F8840040F00100BF
:1095D000C4F884002068806940F4007021688861C4
:1095E00005F4807058B1D4F8840040F00800C4F845
:1095F00084002068806940F480702168886105F0EB
:10960000200058B1D4F8840040F08000C4F88400F1
:109610002068806940F0200021688861D4F88400C7
:10962000A8B32068006820F0010021680860206865
:10963000006940F26B3188432168086109F44040B9
:10964000B0F5404F25D12068806820F44040216863
:109650008860E06F60B11348E16F0865E06FFAF76A
:1096600077FA28B1D4F8840040F04000C4F88400B0
:10967000A06F60B10B48A16F0865A06FFAF768FA98
:1096800028B1D4F8840040F04000C4F8840006E01B
:1096900006E0012084F881002046FFF7BDFEE0E6E9
:1096A00000BFDEE6FF10010870B504460CB90120CA
:1096B00070BD606A00B900BF0021A16263492068E3
:1096C00088420CD062492068884208D061492068ED
:1096D000884204D0E0680F2801D90120E8E720463D
:1096E00007F01BFD054659492068884209D05849B2
:1096F0002068884205D057492068884201D0082D4B
:109700000DD852492068884207D0514920688842C4
:1097100003D050492068884203D1102D01D901207F
:10972000C6E794F8810028B9002084F8800020461C
:1097300000F092F8022084F881002068006820F090
:109740000100216808602068806800F4F816A069AC
:10975000B0F1806F11D16068B0F5800F01D1A06BBE
:1097600028B1606848B9A06BB0F1805F05D120686E
:10977000006840F4805021680860606800F4800050
:10978000B0F5800F0BD1E068072808D32068006887
:1097900020F48070216D08432168086005E020688E
:1097A000006820F4807021680860A16AE0690843BD
:1097B0003043E16B0843E168084321688860616ACF
:1097C000606B0843A16B0843A16908432169084302
:1097D00061690843216A084361680843E16C0843F2
:1097E000A1680843A16C0843A16D08432168C860C3
:1097F000606878B92068806820F4C05040F4006048
:10980000216888602068806820F4C06040F480602F
:10981000216888602068006D20F0010021680865DB
:10982000606800F48000B0F5800F07D12068C06840
:1098300020F00040616D08432168C8600020C4F832
:109840008400012084F88100002031E700300140CD
:1098500000380040003C004010B5B6B0044614216A
:1098600030A8F6F791FFB82102A8F6F78DFF51490D
:10987000206888427DD181140020CDE90210199022
:1098800002A8FEF745F808B1F9F76FF900BF4A489A
:10989000006840F48040484908600846006800F4C9
:1098A0008040019000BF00BF00BF434808380068F7
:1098B00040F004004049083908600846006800F09C
:1098C0000400019000BF00BF00BF0846006840F0E0
:1098D000020008600846006800F00200019000BF26
:1098E00000BF0620309002203190002032900320EB
:1098F00033900520349030A93048FCF771FC4FF4C8
:10990000005030900220319000203290032033909C
:109910000520349030A92A48FCF762FC29482A49DE
:10992000086027204860002127488160C1604FF40B
:1099300080610161002141618161C1614FF4403169
:10994000016200214162FBF74BF808B1F9F70DF90C
:1099500000BF1D48E067846300BF1A4818301B49E8
:109960000860282048604021184881600021C160BB
:1099700000E01DE04FF480610161002141618161DF
:10998000C1614FF40031016200214162FBF728F808
:1099900008B1F9F7EAF800BF0C48A067846300BF7C
:1099A000002205212420FCF7D7FD2420FCF7C0FD70
:1099B00036B010BD00380040E84402580008025894
:1099C0000004025810000240DC0B0024540C002458
:1099D000704770472DE9FF4F83B004469846109EAC
:1099E000E06B4009401C80B20290FCF7F7FC834614
:1099F0004746454694F88100012803D0022007B06D
:109A0000BDE8F08F049820B1059810B1B8F1000FAF
:109A100001D10120F3E700BF94F88000012801D1B3
:109A20000220ECE7012084F8800000BF052084F8C4
:109A300081000020C4F8840005986066A4F86A805C
:109A4000A4F868800498E065A4F86280A4F86080B7
:109A50000020206760672068C06820F4C02021686B
:109A6000C860EE492068884207D0ED4920688842E6
:109A700003D0EC492068884202D14FF0100A01E07F
:109A80004FF0080A206840686FF30F0040EA0800B2
:109A9000216848602068006840F001002168086083
:109AA0006068B0F5800F05D12068006840F4007050
:109AB00021680860E0680F2869D94FEA9A0A61E0D6
:109AC0002068406900F00200022812D18FB107EB34
:109AD0000A00A8420DD9E06D006821680862E06DB7
:109AE000001DE065B4F86200401EA4F86200B4F8FE
:109AF00062702068D0F814903DB32068406900F08F
:109B0000010070B12068006B616E0860606E001D1E
:109B10006066B4F86A00401EA4F86A00B4F86A509F
:109B200030E00298854211DA09F4004070B12068F3
:109B3000006B616E0860606E001D6066B4F86A00BC
:109B4000401EA4F86A00B4F86A501BE0FCF746FC1B
:109B5000A0EB0B00B04201D3701C00B996B92046AF
:109B600007F062FAD4F8840040F48070C4F88400EE
:109B7000012084F8810000BF002084F8800000BF2D
:109B800003203CE7002F9BD1002D99D124E1E06810
:109B900007287CD94FEA5A0A7FE02068406900F024
:109BA0000200022812D18FB107EB0A00A8420DD99A
:109BB000E06D008821680884E06D801CE065B4F8E1
:109BC0006200401EA4F86200B4F862702068D0F809
:109BD0001490002D61D02068406900F0010070B140
:109BE0002068008E616E0880606E801C6066B4F82C
:109BF0006A00401EA4F86A00B4F86A504DE002986A
:109C0000854218DA09F40040A8B12068008E616E20
:109C10000880606E801C60662068008E616E08801F
:109C2000606E801C6066B4F86A00801EA4F86A004A
:109C3000B4F86A5031E0012D11D109F4005070B12F
:109C40002068008E616E0880606E801C6066B4F8CB
:109C50006A00401EA4F86A00B4F86A501DE0FCF7E0
:109C6000BDFBA0EB0B00B04201D3701C00B9A6B93C
:109C7000204607F0D9F9D4F8840040F48070C4F885
:109C80008400012084F8810000BF002000E00AE089
:109C900084F8800000BF0320B1E6002F7FF47DAF81
:109CA000002DFBD198E092E02068406900F00200AE
:109CB000022813D197B107EB0A00A8420ED9E06D34
:109CC0000078216881F82000E06D401CE065B4F860
:109CD0006200401EA4F86200B4F862702068D0F8F8
:109CE0001490002D73D02068406900F0010078B115
:109CF000206890F83000616E0870606E401C6066ED
:109D0000B4F86A00401EA4F86A00B4F86A505EE035
:109D1000029885422ADA09F4004038B3206890F8A6
:109D20003000616E0870606E401C6066206890F8BC
:109D30003000616E0870606E401C6066206890F8AC
:109D40003000616E0870606E401C6066206890F89C
:109D50003000616E0870606E401C6066B4F86A0086
:109D6000001FA4F86A00B4F86A5030E0042D12D243
:109D700009F4C04078B1206890F83000616E087036
:109D8000606E401C6066B4F86A00401EA4F86A0069
:109D9000B4F86A501BE0FCF721FBA0EB0B00B042CB
:109DA00001D3701C00B996B9204607F03DF9D4F8EC
:109DB000840040F48070C4F88400012084F881009D
:109DC00000BF002084F8800000BF032017E6002FAA
:109DD0007FF46AAF002DFBD13346002208212046D4
:109DE000CDF800B007F0A6F928B1D4F8840040F00F
:109DF0002000C4F88400204607F016F9012084F8FA
:109E0000810000BF002084F8800000BFD4F88400E7
:109E100008B10120F3E50020F1E500000030014029
:109E200000380040003C004070477047034A126809
:109E300082430A43014B1A60704700000404005833
:109E4000704770477047000010B50346002200BFFE
:109E500093F83C00012801D1022010BD012083F8B5
:109E60003C0000BF22F0FF00CC6840EA040222F46C
:109E700040708C6840EA040222F480604C6840EA3A
:109E8000040222F400600C6840EA040222F48050CC
:109E90000C6940EA040222F400504C6940EA0402D2
:109EA00022F480400C6B40EA040222F470200C8BF8
:109EB00040EA044222F08050CC6940EA0402124C8D
:109EC0001868A04203D0114C1868A04213D122F4A4
:109ED00070000C8D40EA045222F080700C6A40EA57
:109EE000040222F000704C6A40EA040222F00050A2
:109EF000CC6A40EA04021868426400BF002083F87C
:109F00003C0000BF00BFA8E7000001400004014082
:109F100030B502460B4600BF92F83C00012801D143
:109F2000022030BD012082F83C0000BF022082F8F0
:109F30003D001068416810688468254D1068A8428B
:109F400003D0244D1068A84203D121F47001586851
:109F5000014321F0700118680143106841601C4DF5
:109F60001068A84223D01068B0F1804F1FD01A4D5E
:109F70001068A8421BD0194D1068A84217D0184D80
:109F80001068A84213D0134D1068A8420FD0154D89
:109F90001068A8420BD0144D1068A84207D0134D8A
:109FA0001068A84203D0124D1068A84205D124F0D1
:109FB00080049868044310688460012082F83D00A2
:109FC00000BF002082F83C0000BF00BFA9E70000EE
:109FD000000001400004014000040040000800406F
:109FE000000C0040001800400040014000E000402C
:109FF00000E4004010B504460CB9012010BD94F8EF
:10A000003D0028B9002084F83C00204600F029F8E3
:10A01000022084F83D00211D206807F0A1FC0120EA
:10A0200084F8480000BF84F83E0001213F2001551C
:10A030004020015541200155422001554320015542
:10A0400000BF00BF012084F8440045200155462090
:10A0500001554720015500BF012084F83D00002034
:10A06000CCE77047014691F83D00012801D001205E
:10A070007047022081F83D000868C06840F0010088
:10A080000B68D860204B0868984223D00868B0F16C
:10A09000804F1FD01D4B086898421BD01C4B08688E
:10A0A000984217D01B4B0868984213D01A4B086887
:10A0B00098420FD0194B086898420BD0184B08688B
:10A0C000984207D0174B0868984203D0164B08688F
:10A0D000984210D108688068144B00EA0302062AEF
:10A0E0000FD0B2F5803F0CD00868006840F0010046
:10A0F0000B68186005E00868006840F001000B6814
:10A1000018600020B4E70000000001400004004097
:10A1100000080040000C004000040140001800400E
:10A120000040014000E0004000E400400700010062
:10A130007047704770B504462068C6682068056996
:10A1400005F00200022819D106F00200022815D1FC
:10A15000401F21680861012020772068806900F095
:10A16000030018B12046FFF7E4FF05E0204600F0A9
:10A1700025F9204600F08CFA0020207705F0040035
:10A18000042819D106F00400042815D1C043216821
:10A190000861022020772068806900F4407018B1BF
:10A1A0002046FFF7C6FF05E0204600F007F92046ED
:10A1B00000F06EFA0020207705F00800082819D179
:10A1C00006F00800082815D1C04321680861042062
:10A1D00020772068C06900F0030018B12046FFF71F
:10A1E000A8FF05E0204600F0E9F8204600F050FA0C
:10A1F0000020207705F01000102819D106F010007B
:10A20000102815D1C04321680861082020772068F4
:10A21000C06900F4407018B12046FFF78AFF05E0DE
:10A22000204600F0CBF8204600F032FA00202077DC
:10A2300005F0010048B106F0010030B16FF00100F7
:10A2400021680861204600F0FDFC05F080008028B0
:10A2500004D005F40050B0F5005F0AD106F080008C
:10A26000802806D16FF40250216808612046FFF76C
:10A27000E8FD05F48070B0F5807F0AD106F080001B
:10A28000802806D16FF48070216808612046FFF7AE
:10A29000D7FD05F04000402809D106F040004028D5
:10A2A00005D1C04321680861204600F0D4FC05F0C8
:10A2B0002000202809D106F02000202805D1C04325
:10A2C000216808612046FFF7BDFD70BD10B586B05E
:10A2D0000446142101A8F6F757FA3149206888424C
:10A2E0001BD100BF2F48006840F001002D490860D5
:10A2F0000846006800F00100009000BF00BF802009
:10A30000019002200290002003900490022005900A
:10A3100001A92548FBF764FF3FE0244920688842F3
:10A320001BD100BF1F48006840F004001D490860B1
:10A330000846006800F00400009000BF00BF8020C5
:10A3400001900220029000200390049003200590C9
:10A3500001A91748FBF744FF1FE01649206888420F
:10A360001BD100BF0F48006840F002000D49086093
:10A370000846006800F00200009000BF00BF4FF4E4
:10A3800000400190022002900020039004900220DF
:10A39000059001A90848FBF723FF06B010BD000097
:10A3A00000040040E044025800000258000401404C
:10A3B00000080258001800400004025870472DE9B8
:10A3C000F04104460D461646002700BF94F83C00B5
:10A3D000012802D10220BDE8F081012084F83C0070
:10A3E00000BF0C2E51D005DC4EB1042E1ED0082E1D
:10A3F0007AD133E0102E60D0142EF9D175E02946C1
:10A40000206807F0B5FB2068806940F008002168EB
:10A4100088612068806920F00400216888612068D4
:10A420008069296908432168886178E029462068A5
:10A4300007F0F4FB2068806940F4006021688861BF
:10A440002068806920F480602168886120688069C4
:10A45000296940EA01202168886160E02946206876
:10A4600007F036FC2068C06940F008002168C86128
:10A470002068C06920F004002168C8612068C069B4
:10A48000296908432168C86149E02946206807F026
:10A4900079FC2068C06940F400602168C8612068C8
:10A4A000C06920F480602168C8612068C06929699A
:10A4B00040EA01202168C86131E02946206807F0A0
:10A4C0009BFC2068406D40F00800216848652068CA
:10A4D000406D20F00400216848652068406D2969BE
:10A4E0000843216848651AE017E02946206807F00C
:10A4F000BBFC2068406D40F400602168486520681E
:10A50000406D20F48060216848652068406D2969AD
:10A5100040EA01202168486501E0012700BF00BF33
:10A5200000BF002084F83C0000BF384653E710B558
:10A5300004460CB9012010BD94F83D0028B9002054
:10A5400084F83C00204600F029F8022084F83D0001
:10A55000211D206807F004FA012084F8480000BF9C
:10A5600084F83E0001213F20015540200155412043
:10A570000155422001554320015500BF00BF012075
:10A5800084F84400452001554620015547200155D7
:10A5900000BF012084F83D000020CCE738B5044618
:10A5A0003549206888422ED100BF3448006840F009
:10A5B0000200324908600846006800F0020000907E
:10A5C00000BF00BF2E482F49086018204860402176
:10A5D0002C4881600021C1604FF480610161490015
:10A5E0004161890081614911C161002101624162BB
:10A5F000FAF7F6F908B1F8F7B8FA00BF2149A162F5
:10A600000846846336E020492068884218D100BF9C
:10A610001A480830006840F0020018490831086004
:10A620000846006800F00200009000BF00BF002252
:10A6300005212B20FBF790FF2B20FBF779FF19E07A
:10A6400012492068884215D100BF0C48006840F0CC
:10A6500040000A4908600846006800F04000009089
:10A6600000BF00BF002205212B20FBF775FF2B2028
:10A67000FBF75EFF38BD000000040040E8440258CC
:10A6800070000240B00D002400040140001800409A
:10A6900010B504460421024800F02CFA10BD000059
:10A6A000CC0C00247047000070B504460D4615B967
:10A6B00094F83E0015E0042D02D13F20005D10E02B
:10A6C000082D02D14020005D0BE00C2D02D141206D
:10A6D000005D06E0102D02D14220005D01E0432024
:10A6E000005D012801D0012070BD1DB9022084F851
:10A6F0003E001AE0042D03D102213F20015514E051
:10A70000082D03D10221402001550EE00C2D03D16C
:10A7100002214120015508E0102D03D102214220E1
:10A72000015502E0022143200155012229462068FB
:10A7300007F08AF92F49206888420FD02E492068F7
:10A7400088420BD02D492068884207D02C492068C8
:10A75000884203D02B492068884201D1012000E0C3
:10A76000002028B12068406C40F400402168486413
:10A7700020492068884223D02068B0F1804F1FD044
:10A780002149206888421BD020492068884217D080
:10A790001F492068884213D01749206888420FD08B
:10A7A0001C49206888420BD014492068884207D091
:10A7B00019492068884203D018492068884210D17E
:10A7C00020688068164900EA0106062E0FD0B6F50B
:10A7D000803F0CD02068006840F0010021680860CC
:10A7E00005E02068006840F0010021680860002052
:10A7F0007AE70000000001400004014000400140F1
:10A8000000440140004801400004004000080040AE
:10A81000000C00400018004000E0004000E4004050
:10A82000070001002DE9F04704460D4616469846FC
:10A830004FF0000915B994F83E0015E0042D02D13F
:10A840003F20005D10E0082D02D14020005D0BE0AC
:10A850000C2D02D14120005D06E0102D02D14220D6
:10A86000005D01E04320005D022801D1BDE8F087D2
:10A8700015B994F83E0015E0042D02D13F20005D8B
:10A8800010E0082D02D14020005D0BE00C2D02D11C
:10A890004120005D06E0102D02D14220005D01E064
:10A8A0004320005D012826D116B1B8F1000F01D177
:10A8B0000120DBE71DB9022084F83E001DE0042DD5
:10A8C00003D102213F20015517E0082D03D10221B9
:10A8D0004020015511E00C2D03D1022141200155EA
:10A8E0000BE0102D03D102214220015505E0022189
:10A8F0004320015501E00120B8E735B1042D1FD0F8
:10A90000082D38D00C2D6CD150E06B49606AC163C2
:10A910006A49606A01646A49606AC164216801F138
:10A92000340243463146606AFAF7E4FA08B101207E
:10A930009CE72068C06840F400702168C86053E05C
:10A940005D49A06AC1635D49A06A01645C49A06A6F
:10A95000C164216801F1380243463146A06AFAF722
:10A96000C9FA08B1012081E72068C06840F480601E
:10A970002168C86038E05049E06AC1634F49E06A25
:10A9800001644F49E06AC164216801F13C02434619
:10A990003146E06AFAF7AEFA08B1012066E72068AE
:10A9A000C06840F400602168C8601DE04249206B27
:10A9B000C1634249206B01644149206BC164216835
:10A9C00001F1400243463146206BFAF793FA08B191
:10A9D00001204BE72068C06840F480502168C860BF
:10A9E00002E04FF0010900BF00BFB9F1000F61D1D3
:10A9F00001222946206807F027F83249206888425A
:10AA00000FD03149206888420BD0304920688842F5
:10AA100007D02F492068884203D02E4920688842F9
:10AA200001D1012000E0002028B12068406C40F4F2
:10AA300000402168486423492068884223D0206868
:10AA4000B0F1804F1FD02449206888421BD0234991
:10AA50002068884217D022492068884213D01A49BA
:10AA6000206888420FD01F49206888420BD01749C0
:10AA70002068884207D01C492068884203D01B49BF
:10AA80002068884210D120688068194900EA0107CF
:10AA9000062F0FD0B7F5803F0CD02068006840F03B
:10AAA00001002168086005E02068006840F00100AE
:10AAB000216808604846D9E66B1A0108D31A0108D4
:10AAC000131B010800000140000401400040014048
:10AAD00000440140004801400004004000080040DC
:10AAE000000C00400018004000E0004000E400407E
:10AAF0000700010070B504460D46002635B1042D4F
:10AB00000ED0082D16D00C2D28D11DE02068C0686D
:10AB100020F400702168C860606AF9F719F81FE036
:10AB20002068C06820F480602168C860A06AF9F7D6
:10AB30000FF815E02068C06820F400602168C86044
:10AB4000E06AF9F705F80BE02068C06820F480504F
:10AB50002168C860206BF8F7FBFF01E0012600BF09
:10AB600000BF002E62D100222946206806F06CFF4B
:10AB70002F49206888420FD02E49206888420BD088
:10AB80002D492068884207D02C492068884203D08C
:10AB90002B492068884201D1012000E0002090B1BB
:10ABA00000BF2068006A41F21111084050B92068C6
:10ABB000006A8910084028B92068406C20F40040E1
:10ABC0002168486400BF00BF2068006A41F211118B
:10ABD000084050B92068006A8910084028B92068E8
:10ABE000006820F001002168086000BF1DB9012045
:10ABF00084F83E001AE0042D03D101213F200155C5
:10AC000014E0082D03D10121402001550EE00C2D48
:10AC100003D101214120015508E0102D03D101216C
:10AC20004220015502E0012143200155304670BD0C
:10AC30000000014000040140004001400044014088
:10AC40000048014010B504462068B0F1804F01D1A2
:10AC5000FBF7CAFB10BD7047014600BF91F88400A6
:10AC6000012801D102207047012081F8840000BF33
:10AC70002420C1F88800086802680868006820F08D
:10AC800001000B68186022F0005200204866086836
:10AC900002602020C1F8880000BF002081F88400F5
:10ACA00000BF00BFDFE72DE9F04104460E4617461E
:10ACB000D4F88C00202825D106B117B90120BDE8B1
:10ACC000F0810120E066002020673A4631462046A8
:10ACD00008F03CFC05469DB9E06E01280FD110201C
:10ACE0002168086200BF00BF216851E8001F41F0E1
:10ACF0001000226842E800010029F5D100E001259A
:10AD00002846DCE70220DAE770B504460D460E4817
:10AD100084420DD10D4805F0E1F90D20F7F76AFEE8
:10AD200000200B4908600B480088401C0949088036
:10AD30000948844201D105F01DFE0848844202D131
:10AD4000074802F0E9F970BD280E0024F8D9012463
:10AD5000700600247E060024500F0024BC0E002440
:10AD60001CDA0124704770B504460D4600BF94F804
:10AD70008400012801D1022070BD012084F88400E4
:10AD800000BF2420C4F88800206806682068006896
:10AD900020F00100216808602068806820F0606071
:10ADA000284321688860204607F05CFE2068066022
:10ADB0002020C4F8880000BF002084F8840000BF71
:10ADC00000BFD9E770B504460D4600BF94F8840073
:10ADD000012801D1022070BD012084F8840000BF49
:10ADE0002420C4F88800206806682068006820F0E5
:10ADF0000100216808602068806820F060402843D6
:10AE000021688860204607F02DFE2068066020201B
:10AE1000C4F8880000BF002084F8840000BF00BF91
:10AE2000D9E77047704770472DE9F047044620681E
:10AE3000C569206806682068876840F60F0005EA43
:10AE40000009B9F1000F0FD105F0200060B106F044
:10AE5000200010B907F0805030B1606F10B120466B
:10AE6000616F8847BDE8F087B9F1000F7ED0F848E0
:10AE7000384018B9F74830400028F7D005F00100F5
:10AE800058B106F4807040B1012021680862D4F8FE
:10AE9000900040F00100C4F8900005F0020058B1A5
:10AEA00007F0010040B1022021680862D4F8900048
:10AEB00040F00400C4F8900005F0040058B107F019
:10AEC000010040B1042021680862D4F8900040F0ED
:10AED0000200C4F8900005F0080070B106F02000F0
:10AEE00010B9DB48384040B1082021680862D4F826
:10AEF000900040F00800C4F8900005F4006060B1D4
:10AF000006F0806048B14FF4006021680862D4F810
:10AF1000900040F02000C4F89000D4F89000002881
:10AF200052D005F0200050B106F0200010B907F013
:10AF3000805020B1606F10B12046616F8847D4F80F
:10AF400090A02068806800F04000402802D00AF0FD
:10AF5000280070B3204607F077FF2068806800F073
:10AF60004000402826D100BF00BF00E02DE021684E
:10AF7000083151E8001F21F040002168083141E804
:10AF80000002002AF1D100BFD4F8800068B1B248B5
:10AF9000D4F880100865D4F88000F8F7D9FD98B18E
:10AFA000D4F88000016D88470EE02046FFF73BFF94
:10AFB0000AE003E02046FFF736FF05E02046FFF7F2
:10AFC00032FF0020C4F890004CE7E06E01287DD1EC
:10AFD00005F01000002879D006F010000028FAD003
:10AFE0001020216808622068806800F04000402836
:10AFF0006DD1D4F880000068984988426BD0D4F8AD
:10B000008000006895491831884264D0D4F88000E7
:10B0100000689249303188425DD0D4F880000068E1
:10B020008E494831884256D0D4F8800000688B4958
:10B03000603188424FD0D4F8800000688749783169
:10B04000884248D0D4F88000006884499031884212
:10B0500041D0D4F8800000688049A83188423AD0B5
:10B06000D4F8800000687E49884234D0D4F880004B
:10B0700000687B49183188422DD0D4F880000068E0
:10B0800077493031884226D0D4F88000006874496E
:10B09000483188421FD0D4F8800000687049603180
:10B0A000884218D0D4F8800000686D497831884211
:10B0B00011D0D4F8800000686949903188420AD0E4
:10B0C000D4F8800000686649A83102E0CAE07BE05D
:10B0D00001E0884204D1D4F880000068406803E0B1
:10B0E000D4F88000006840681FFA80F8B8F1000FBB
:10B0F00058D0B4F85C00404554DDA4F85E80D4F824
:10B100008000C069B0F5807F40D000BF00BF2168DB
:10B1100051E8001F21F48070226842E800010029F4
:10B12000F5D100BF00BF00BF2168083151E8001F02
:10B1300021F001002168083141E80002002AF3D122
:10B1400000BF00BF00BF2168083151E8001F21F097
:10B1500040002168083141E80002002AF3D100BF15
:10B160002020C4F88C000020E06600BF00BF2168EA
:10B1700051E8001F21F01000226842E80001002978
:10B18000F5D100BFD4F88000F8F774FA02202067E8
:10B19000B4F85C00B4F85E20801A81B22046FFF754
:10B1A000B3FD10E0B4F85C0040450CD1D4F8800049
:10B1B000C069B0F5807F06D102202067B4F85C102A
:10B1C0002046FFF7A1FD4DE634F85C0F6188401A78
:10B1D0001FFA80F860885C3CC8B3B8F1000F36D025
:10B1E00000BF00BF216851E8001F21F49070226861
:10B1F00042E800010029F5D100BF00BF00BF21686F
:10B20000083151E8001F124AD24301EA02002168C6
:10B21000083141E80002002AF1D100BF2020C4F823
:10B220008C000020E066606700BF00BF216851E825
:10B23000001F21F01000226842E800010029F5D12A
:10B2400000BF0220206741462046FFF75DFD09E66A
:10B2500001000010200100049F2C01081000024092
:10B260001004024005F4801050B107F4800038B19A
:10B270004FF48010216808622046FFF7D3FDF1E506
:10B2800005F0800058B106F0800010B907F4000006
:10B2900028B1A06F10B12046A16F8847E2E505F004
:10B2A000400030B106F0400018B1204607F002FE21
:10B2B000D8E505F4000030B106F0804018B1204612
:10B2C000FFF7AFFDCEE505F0807030B106F000402D
:10B2D00018B12046FFF746FDC4E500BFC2E510B532
:10B2E00004460CB9012010BDA06900B100E000BF08
:10B2F000D4F8880028B9002084F88400204600F0A3
:10B300002BF82420C4F888002068006820F0010091
:10B3100021680860A06A10B1204607F0CFFB2046E4
:10B3200007F000FE012800D1DDE72068406820F426
:10B330009040216848602068806820F02A002168D9
:10B3400088602068006840F001002168086020469D
:10B3500007F030FCC7E7000010B5B6B00446142172
:10B3600030A8F5F711FAB82102A8F5F70DFAEF4960
:10B37000206888427ED102210020CDE902101F9072
:10B3800002A8FCF7C5FA08B1F7F7EFFB00BFE848E1
:10B39000006840F48010E64908600846006800F440
:10B3A0008010019000BF00BF00BFE148083800686E
:10B3B00040F00400DE49083908600846006800F0E3
:10B3C0000400019000BF00BF00BF0846006840F0C5
:10B3D000080008600846006800F00800019000BFFF
:10B3E00000BF4FF480503090022031900020329006
:10B3F00033900820349030A9CE48FAF7F1FE0420AB
:10B400003090022031900020329033900820349008
:10B4100030A9C948FAF7E4FEC848C9490860412084
:10B4200048600021C6488160C1604FF480610161BD
:10B43000002141618161C16101624162F9F7D0FA85
:10B4400008B1F7F792FB00BFBD48C4F880008463E1
:10B4500000BFBA481830BB4908604220486040210C
:10B46000B84881600021C1604FF480610161002112
:10B47000416100E016E08161C16101624162F9F75A
:10B48000AFFA08B1F7F771FB00BFAE48E06784631D
:10B4900000BF002205213520FBF75EF83520FBF7C1
:10B4A00047F840E1A849206888425ED10121002088
:10B4B000CDE90210209002A8FCF72AFA08B1F7F7AC
:10B4C00054FB00BF9A480830006840F010009849CB
:10B4D000083108600846006800F01000019000BFC5
:10B4E00000BF00BF92480838006840F00100904952
:10B4F000083908600846006800F00100019000BFAC
:10B5000000BF4FF4C0603090022031900020329094
:10B5100033900720349030A98C48FAF761FE8C48AC
:10B520008C4908602920486000218A488160C160F8
:10B530004FF480610161002141618161C16101625B
:10B540004162F9F74DFA08B1F7F70FFB00BF8148E8
:10B55000C4F88000846300BF002205212520FAF78B
:10B56000FBFF2520FAF7E4FFDDE07B4920688842F5
:10B570007BD102210020CDE902101F9002A8FCF728
:10B58000C7F908B1F7F7F1FA00BF6948006840F45D
:10B590000030674908600846006800F400300190F8
:10B5A00000BF00BF00BF62480838006840F00800D4
:10B5B0005F49083908600846006800F008000190FB
:10B5C00000BF00BF702030900220319000203290E8
:10B5D00033900720349030A95748FAF701FE5748B6
:10B5E00078305E4908602C20486040215B488160CB
:10B5F0000021C1604FF480610161002141618161DE
:10B60000C16101624162F9F7EBF908B1F7F7ADFAF0
:10B6100000BF5248E067846300BF4D48603850491E
:10B6200008602B20486000214D488160C1604FF4C4
:10B6300080610161002141618161C16101624162FA
:10B64000F9F7CEF908B1F7F790FA00BF4448C4F80B
:10B650008000846300BF002205212620FAF77CFFCA
:10B660002620FAF765FF5EE0FFE73E492068884242
:10B6700059D102210020CDE902101F9002A8FCF749
:10B6800047F908B1F7F771FA00BF2948006840F49C
:10B690008020274908600846006800F48020019057
:10B6A00000BF00BF00BF22480838006840F0020019
:10B6B0001F49083908600846006800F00200019040
:10B6C00000BF00BF00BF0846006840F008000860E7
:10B6D0000846006800F00800019000BF00BF4FF46A
:10B6E000804030900220319000203290339007202B
:10B6F000349030A91C48FAF773FD4FF44070309035
:10B70000022031900020329033900720349030A9ED
:10B710000948FAF765FD002205212720FAF71CFFEA
:10B720002720FAF705FF36B010BD0000005000409A
:10B73000E844025800080258000C02584000024039
:10B7400078100024F010002400100140000002587E
:10B75000700402406811002400440040E0110024FD
:10B7600058120024004800400004025870477047F7
:10B7700070B504460E461546D4F8880020283FD1FF
:10B7800006B10DB9012070BD44F8506FA580E58069
:10B79000002020642120A063E06A503CE0B11948F9
:10B7A000E16FC8631848E16F08641848E16FC86426
:10B7B0000020E16F0865236803F128022B46216D04
:10B7C000E06FF9F797FB38B11020C4F89000202003
:10B7D000C4F888000120D6E740202168086200BF35
:10B7E00000BF2168083151E8001F41F08000216846
:10B7F000083141E80002002AF3D100BF0020C2E76F
:10B800000220C0E7E52D0108392E0108B32C0108FC
:10B810007047704770B5044600202074A37B484DE4
:10B820002D8803FB05F26168D4F8F400F4F758FFA3
:10B83000A27B434B1B8802FB03F16068F4F7A4FF73
:10B84000A27B3F4B1B885A43A37B02FB03F1D4F836
:10B850001801F4F799FF227B394B1B885A43A37BCD
:10B8600002FB03F1D4F80C01F4F78EFF002031E065
:10B87000D4F8F41001EB800191ED000AB5EEC00A96
:10B88000F1EE10FA24D0D4F8F41001EB800191ED20
:10B89000000A227CD4F8F41001EB820181ED000A49
:10B8A000227C616A8854A16901EB800191ED000A54
:10B8B0006169095C227B237C12FB0311491ED4F8C9
:10B8C0000C2102EB810181ED000A217C491C2174CD
:10B8D000411CC8B2A17B8142CADC002011E0626A2F
:10B8E000125CE16901EB820191ED000A227C00FB10
:10B8F0000202D4F8181101EB820181ED000A411C0B
:10B90000C8B2217C8142EADC207CA4F87800217B4B
:10B910007A200153207BA4F88000217C82200153EF
:10B92000207CA4F89000217C92200153207BA4F875
:10B930009800217C9A200153207CA4F8480070BD17
:10B94000B802002400BFFEE710B52DED048B9FED7B
:10B95000370AF0EE408AB7EE000AB0EE408A01F0F6
:10B96000CBFC142807DAB1EE040AB0EE408A0120BD
:10B97000BDEC048B10BD01F0BFFC232820DCB7EE2A
:10B98000000AB0EE408A01F0A1FC00EE100AB8EE09
:10B99000400ADFED270A68EE200AB2EE041A60EED4
:10B9A000810A80EE801AB7EEC10A9FED221B20EEBD
:10B9B000010BBCEEC00B214880ED000A0120D7E747
:10B9C00001F09AFC642828DCB6EE000AB0EE408A4A
:10B9D00001F092FCC0F1640000EE100AB8EEC00A5B
:10B9E000DFED130A68EE200AB2EE041A60EE810A57
:10B9F00020EE200ADFED120A80EE209A01F066FCAC
:10BA000000EE100AB8EE400AC9EE000ABCEEE00AE9
:10BA10000A4880ED000A0120AAE7002007490860D3
:10BA2000B6EE000AB0EE408A0120A1E79A99193FCC
:10BA300000007A44295C8FC2F528F03F04020024FC
:10BA400000008C4270B52DED088B86B004460D4683
:10BA5000164694ED040ACA48D0ED000A30EE600A9A
:10BA6000B0EEC00ADFEDC70AB4EEE00AF1EE10FA5C
:10BA700022DC94ED050AC448D0ED000A30EE600ADD
:10BA8000B0EEC00ADFEDBF0AB4EEE00AF1EE10FA44
:10BA900012DC94ED060ABD48D0ED000A30EE600AD3
:10BAA000B0EEC00ADFEDB70AB4EEE00AF1EE10FA2C
:10BAB00002DC207800287DD094ED040ADFEDB40A82
:10BAC00080EE201AB0EE41BAB0EE4B0A0BF02EF920
:10BAD000F0EE408A94ED050ADFEDAD0A80EE201A03
:10BAE000B0EE41BAB0EE4B0A0BF020F9F0EE40AAEE
:10BAF00094ED060ADFEDA60A80EE201AB0EE41BAF8
:10BB0000B0EE4B0A0BF012F9B0EE409A94ED040A35
:10BB1000DFED9F0A80EE201AB0EE41BAB0EE4B0A7C
:10BB20000BF022FBB0EE40AA94ED050ADFED980A77
:10BB300080EE201AB0EE41BAB0EE4B0A0BF014FBC7
:10BB4000F0EE409A94ED060ADFED910A80EE201A9D
:10BB5000B0EE41BAB0EE4B0A0BF006FBB0EE408AF5
:10BB600068EE890A2AEE291AB0EE480A41EE000A68
:10BB70008848C0ED000A2AEE8A0A874880ED000A4C
:10BB8000B0EE480A28EE800A69EE0A0A00EEE90AD9
:10BB9000824880ED000A68EEA90AB0EE480A20EE5D
:10BBA000800A09EE4A0A7E4880ED000A28EEAA0AB9
:10BBB0007C4800E021E080ED000AF1EE4A0AB0EE98
:10BBC000480A20EE800A68EE890A00EEE90A764803
:10BBD00080ED000AF1EE6A0AB0EE480A20EE800A13
:10BBE000724880ED000A7248C0ED009A2AEE890A78
:10BBF000704880ED000A00202070002011E005EB65
:10BC0000800191ED000A211D01EB8001D1ED000AB8
:10BC100020EE200A03A901EB800181ED000A411CFE
:10BC2000C8B20328EBDB9DED030A5A48D0ED000AA9
:10BC300020EE200ADDED040A574890ED001A01EECF
:10BC4000200ADDED050A554890ED001A01EE200AA4
:10BC500085ED000A9DED030A5148D0ED000A20EE63
:10BC6000200ADDED040A4F4890ED001A01EE200A8B
:10BC7000DDED050A4C4890ED001A01EE200A85ED35
:10BC8000010A9DED030A4948D0ED000A20EE200A82
:10BC9000DDED040A464890ED001A01EE200ADDEDC4
:10BCA000050A444890ED001A01EE200A85ED020ACB
:10BCB00000200AE006EB800191ED000A694601EBE5
:10BCC000800181ED000A411CC8B20328F2DB9DED22
:10BCD000000A3048D0ED000A20EE200ADDED010A0E
:10BCE0002D4890ED001A01EE200ADDED020A2B48E6
:10BCF00090ED001A01EE200A86ED000A9DED000A83
:10BD00002748D0ED000A20EE200ADDED010A254883
:10BD100090ED001A01EE200ADDED020A224890EDB6
:10BD2000001A01EE200A86ED010A9DED000A1F4867
:10BD3000D0ED000A20EE200ADDED010A1C4890ED4E
:10BD4000001A01EE200ADDED020A1A4890ED001AF1
:10BD500001EE200A86ED020A94ED040A084880EDFF
:10BD6000000A94ED050A084880ED000A94ED060AE1
:10BD7000064880ED000A06B0BDEC088B70BD0000DF
:10BD8000F00600246F12833AF4060024F80600241B
:10BD9000E12E6542FC06002400070024040700246D
:10BDA000080700240C0700241007002414070024AF
:10BDB000180700241C07002410B5044654F8EC0FA3
:10BDC00090ED000A834880ED000A206890ED010A9A
:10BDD000814880ED000A206890ED020A7F4880EDDE
:10BDE000000A54F8EC0990ED030A7D4880ED000A42
:10BDF0007848D0ED000A60EEA00A774890ED001A6E
:10BE0000D0ED001A41EE210A744890ED001AD0EDF1
:10BE1000001A41EE210A724890ED001AD0ED001A86
:10BE200041EE210AB0EE600A0BF05EFE6D4880ED37
:10BE3000000A002012E0D4F8EC1001EB800191ED33
:10BE4000000A6849D1ED000A20EE200AD4F8EC106F
:10BE500001EB800181ED000A411CC8B20428EADB35
:10BE6000614890ED6F0A5C48D0ED000A20EE200A90
:10BE7000F0EE000A80EE201AF834A06880ED041A73
:10BE8000594890ED6F0A5548D0ED000A20EE200A7F
:10BE9000F0EE000A80EE201AA06880ED051A5248E4
:10BEA00090ED6F0A4B48D0ED000AF1EE600A20EEEB
:10BEB000200AF0EE000A80EE201AA06880ED0A1A2F
:10BEC000494890ED6F0A4648D0ED000A20EE200A5E
:10BED000F0EE000A80EE201AA06880ED0B1A4248AE
:10BEE00090ED6F0A3E48D0ED000AF1EE600A20EEB8
:10BEF000200AF0EE000A80EE201AA06880ED101AE9
:10BF0000394890ED6F0A3348D0ED000AF1EE600A2F
:10BF100020EE200AF0EE000A80EE201AA06880EDE4
:10BF2000111A314890ED6F0A2C48D0ED000A20EE2E
:10BF3000200AF0EE000A80EE201AA06880ED161AA2
:10BF4000294890ED6F0A2448D0ED000AF1EE600A0E
:10BF500020EE200AF0EE000A80EE201AA06880EDA4
:10BF6000171A206890ED1C0A1F48D0ED740A80EE65
:10BF7000201A206880ED1C1A206890ED230A1A48C8
:10BF8000D0ED740A80EE201A206880ED231A54F850
:10BF9000F80990ED1C0ADFED150AB4EEE00AF1EEA7
:10BFA00010FA05DD9FED110AD4F8F80080ED1C0AA7
:10BFB000D4F8F80090ED230ADFED0C0AB4EEE00AA5
:10BFC000F1EE10FA05DD9FED090AD4F8F80080EDD6
:10BFD000230A10BD5C0300246003002464030024D2
:10BFE000680300246C03002400CF012400401C4699
:10BFF00010B52DED068BF0EE408AB0EE60AAB0EEE3
:10C00000419AB0EE618AF0EE429A01203A490870F6
:10C010000846C0ED6C8A80ED6DAA80ED6E9A9FEDAA
:10C02000370A80ED730A002081F838010A46C2F809
:10C030004001C2F844010021C2F84811C2F84C1175
:10C04000B7EE000AB4EEC08AF1EE10FA03DDB7EEE7
:10C05000000AB0EE408A284880ED748AC0ED649AE8
:10C06000032300220621001D01F088F9244B012240
:10C070001146A3F108000AF0B0FEB7EE000A1E4810
:10C08000D0F8EC0080ED000A9FED1E0A1A48D0F8A7
:10C09000EC0080ED010A9FED1B0A1748D0F8EC0078
:10C0A00080ED020A9FED170A1348D0F8EC0080EDEE
:10C0B000030A15491048C0F8D0101449C0F8D4102C
:10C0C0001349C0F8D8101349C0F8DC10012180F8DA
:10C0D0002E1080F82F1001469022D1F804010E494D
:10C0E000F4F7FEFA04499022D1F8FC000B49F4F76A
:10C0F000F7FABDEC068B10BD00CF012477CC2B32B4
:10C10000C8D001240000000021C10008B9BD00080A
:10C1100055C10008A9C800084C920108BC020024BF
:10C1200010B5044654F8F81F90220748F4F7D8FADF
:10C1300048220648616AF4F7D3FA6169F83C48225C
:10C140000348F4F7CDFA10BDBC020024E0D001246E
:10C1500028D1012410B5044654F8EC0F90ED000AE4
:10C16000F0EE000A20EE200A3F4880ED000A206829
:10C1700090ED010AF0EE000A20EE200A3B4880ED27
:10C18000000A206890ED020AF0EE000A20EE200A74
:10C19000374880ED000A206890ED030AF0EE000AAF
:10C1A00020EE200A334880ED000A14F8DE2C324BD2
:10C1B0001B885A4314F8E03C02FB03F1206AF4F7B1
:10C1C000E3FA2B4890ED000AB1EE400A206A80EDB8
:10C1D000000A284890ED000A206A80ED010A2248F2
:10C1E00090ED000AB1EE400A206A80ED020A1F4875
:10C1F00090ED000A206A80ED030A1C4890ED000AC9
:10C20000206A80ED060A184890ED000A206A80ED49
:10C21000070A184890ED000A206A80ED080A1448C1
:10C2200090ED000A206A80ED090A0F4890ED000A9F
:10C23000206A80ED0C0A0D4890ED000AB1EE400A2C
:10C24000206A80ED0D0A0A4890ED000AB1EE400A1E
:10C25000206A80ED0E0A074890ED000A206AEC3C47
:10C2600080ED0F0A10BD0000700300247403002449
:10C27000780300247C030024B802002410B52DEDBF
:10C28000088BB0EE40ABB0EE41BAF0EE618AB0EE92
:10C29000429BB0EE438AFE48007858B99FEDFD2AD4
:10C2A000F7EE001A9FEDFC1ADFEDFC0AB2EE040A6D
:10C2B000FFF79EFEF64880ED6F8A90ED580A3AEE41
:10C2C000400A80ED5B0A90ED590A3AEEC00A80ED13
:10C2D0005C0A90ED5A0A3BEE400A80ED5D0A90ED53
:10C2E0005B0AF6EE000A20EE200A20EE080AEC486F
:10C2F00080ED000AE64890ED5C0AF6EE000A20EEBA
:10C30000200A20EE080AE74880ED000AE04890ED98
:10C310005D0AF6EE000A20EE200A20EE080AE24846
:10C3200080ED000ADA499022D1F80401DF49F4F7E0
:10C33000D7F9DB4890ED000AB1EE400AD448D0F8B6
:10C34000040180ED010AD74890ED000AB1EE400AE1
:10C35000CF48D0F8040180ED020AD34890ED000ADE
:10C36000B1EE400ACA48D0F8040180ED030ACC4877
:10C3700090ED000AC648D0F8040180ED060ACA48CC
:10C3800090ED000AC248D0F8040180ED080AC548C3
:10C3900090ED000AB1EE400ABD48D0F8040180EDEE
:10C3A000090AC04890ED000AB948D0F8040180EDB0
:10C3B0000C0ABD4890ED000AB1EE400AB448D0F82E
:10C3C000040180ED0D0AB64890ED000AB048D0F89F
:10C3D000040180ED0F0AB44890ED000AAC48D0F893
:10C3E000040180ED120AAF4890ED000AA848D0F889
:10C3F000040180ED130AAA4890ED000AB1EE400A4C
:10C40000A348D0F8040180ED140AA148D0F84811DF
:10C41000D0F84C01002359405840014306D19C48B4
:10C42000C0ED5E8A80ED5F9AC0ED609A984890ED0D
:10C430005E0AD0ED640A60EE200A90ED6F0A90ED7E
:10C44000641A30EE011A80EE810AD0ED6F0A90ED89
:10C45000641A70EE810A90ED6F1A21EE281AC1EE6F
:10C46000201A30EE210A80ED5E0A90ED5F0AD0EDD1
:10C47000640A60EE200A90ED6F0A90ED641A30EEC7
:10C48000011A80EE810AD0ED6F0A90ED641A70EE09
:10C49000810A90ED6F1A21EE091AC1EE201A30EED2
:10C4A000210A80ED5F0A90ED600AD0ED640A60EE2B
:10C4B000200A90ED6F0A90ED641A30EE011A80EEBA
:10C4C000810AD0ED6F0A90ED641A70EE810A90ED4A
:10C4D0006F1A21EE291AC1EE201A30EE210A80EDE2
:10C4E000600AD0ED5E0A60EEA00A90ED5F1AD0ED12
:10C4F0005F1A41EE210A90ED601AD0ED601A41EE0C
:10C50000210AB0EE600A0BF0EFFA694880ED000AEC
:10C51000002011E0674901EB800191ED000A6449B8
:10C52000D1ED000A20EE200A5949896801EB80010B
:10C5300081ED000A411CC8B20328EBDB5448D0ED62
:10C540005B0A60EEA00A90ED5C1AD0ED5C1A41EE39
:10C55000210A90ED5D1AD0ED5D1A41EE210AB0EE90
:10C56000600A0BF0C1FAF7EE000A80EE801A484824
:10C5700080ED651A4E4890ED000AF7EE000A80EE55
:10C58000801A434880ED661A90ED650ADFED4A0A8D
:10C59000B4EEE00AF1EE10FA16D290ED660ADFED85
:10C5A000470AB4EEE00AF1EE10FA0DDD90ED660AEE
:10C5B000DFED430AB4EEE00AF1EE10FA04D20120F6
:10C5C000334981F8390103E00020314981F839010C
:10C5D0002F4890ED6C0AD0ED6F0A20EE200AD0F8BB
:10C5E000180180ED000A2A4890ED6C0AD0ED6F0A20
:10C5F00020EE200AD0F8180180ED070A244890EDBB
:10C600006C0AD0ED6F0A20EE200AD0F8180180EDF8
:10C610000E0A1F4890ED6C0AD0ED6F0A20EE200A3A
:10C62000D0F8180180ED150A194890ED6D0AD0ED8B
:10C630006F0A20EE200AD0F8180180ED1C0A144879
:10C6400090ED6D0AD0ED6F0A20EE200AD0F81801A7
:10C6500080ED230A0E4890ED6E0AD0F81C0180EDA3
:10C66000000A0B4890ED6E0AD0F81C0180ED040A18
:10C67000074890ED6E0AD0F81C0180ED080A0448C6
:10C68000001D01F0FBFA0248406890ED000A19E035
:10C6900000CF0124000000008096184B6F12833AEF
:10C6A0004C03002450030024540300244C9201083E
:10C6B0005803002478D001249A99993ECDCC144196
:10C6C000CDCC2441734880ED540A406890ED010AB6
:10C6D000704880ED550A406890ED020A6D4880ED83
:10C6E000560A406890ED030A6A4880ED570A406890
:10C6F00090ED040A674880ED580A406890ED050AFD
:10C70000644880ED590A1FED1D0A80ED5A0A90ED2C
:10C71000541A21EE011AD0ED551A90ED552A01EE6A
:10C72000821AF7EE001AB0EE002A52EE011AF0EE6D
:10C73000610A90ED541AD0ED571A21EE211AD0ED6E
:10C74000551A90ED562A01EE821AF0EE001A21EEEB
:10C75000211AB0EE410A0AF089F9DFED4F0A20EE06
:10C76000200A4C4880ED6A0A90ED541A21EE011A15
:10C77000D0ED571A90ED572A01EE821AF7EE001A03
:10C78000B0EE002A52EE011AF0EE610A90ED541A52
:10C79000D0ED551A21EE211AD0ED561A90ED572AF8
:10C7A00001EE821AF0EE001A21EE211AB0EE410AD3
:10C7B0000AF05CF9DFED380A20EE200A354880EDFA
:10C7C000680AD0ED550A90ED571A60EE810A90ED97
:10C7D000541AD0ED561A41EE610AB8EE001A60EE16
:10C7E000810AB0EE600A0AF0A5F8DFED2B0A20EE10
:10C7F000200A284880ED690A90ED6A0AD0ED760A91
:10C8000030EE600ADFED250AB4EEE00AF1EE10FA30
:10C8100007DDB0F8D401401E00B21E49A1F8D401D2
:10C8200014E01C4890ED6A0AD0ED760A30EE600AFA
:10C83000DFED1B0AB4EEE00AF1EE10FA06D2B0F812
:10C84000D401401C00B21349A1F8D401114890ED65
:10C850006A0AB0F9D40100EE900AF8EEE00A9FED02
:10C86000111A01EE200A0B4880ED6B0A90ED6A0A5E
:10C8700080ED760AD0F84821D0F84C01521C40F1E6
:10C8800000000449C1F84821C1F84C01BDEC088BF7
:10C8900010BD000000CF0124E12E654200003443AA
:10C8A000000034C30000B44370B52DED028B044684
:10C8B00004F1800104F178000AF03DFC84F8C8001E
:10C8C000B4F87800A4F8A8005A20015BAA2001530C
:10C8D00004F1A80204F1580104F178000AF0DEFB2B
:10C8E00084F8C800B4F8A800A4F8B0008220015B66
:10C8F000B220015304F1B00204F1800104F1A80058
:10C900000AF0CCFB84F8C800B4F89000A4F8A000AA
:10C910009220015BA220015304F1A00204F19001D6
:10C9200004F1B0000AF044FA84F8C80004F1B00140
:10C9300004F1A0000AF056FAAC342077206C90ED98
:10C94000000AFE4880ED000A206C90ED010AFC48C8
:10C9500080ED000A206C90ED020AFA4880ED000A92
:10C96000206C90ED030AF84880ED000A34F8340C8E
:10C97000A081AC3C0121BA200153F14890ED000A9E
:10C98000F148D0ED000A20EE200AEC48D0ED000A74
:10C99000EC4890ED001A00EEC10AF0EE000A20EE1D
:10C9A000200AD4F82C0180ED000AE44890ED000A3A
:10C9B000E348D0ED000A20EE200AE248D0ED000A5C
:10C9C000E14890ED001A00EE810AF0EE000A20EE38
:10C9D000200AD4F82C0180ED010AD84890ED000A15
:10C9E00020EE000AD648D0ED000A90ED001A00EEC5
:10C9F000C10AD448D0ED000A90ED001A00EEC10A39
:10CA0000D148D0ED000A90ED001A00EE810AD4F86A
:10CA10002C0180ED020A002512E0D4F82C0100EB75
:10CA2000850090ED000AB0EEC00AB0EE408A09F031
:10CA3000EFFEC64800EB850080ED000A681CC5B219
:10CA4000032DEADBB4F84800A4F8C0000121C2209D
:10CA5000015304F1C00204F1B80104F148000AF0E6
:10CA600055FB84F8C800B4F8C000A4F8A800012160
:10CA7000AA20015304F1A80204F1C00104F1B0009E
:10CA80000AF00CFBB8342074012020802189B83CC6
:10CA9000BA20015304F1B80104F1C0000AF04BFBC5
:10CAA00084F8C800A94A3C3204F1A80104F1B80096
:10CAB0000AF0F4FA84F8C800A54890ED720AD0EDA7
:10CAC000730AB6EE001A60EE810AB4EEE00AF1EEE7
:10CAD00010FA03D201209E4981F838019C4890ED5C
:10CAE000720AD0ED730AB4EEE00AF1EE10FA46DDF8
:10CAF00090F83801002842D0954890F8390168B183
:10CB00009348D0F84011D0F84401491C40F100008E
:10CB10008F4AC2F84011C2F8440105E000208C4A57
:10CB2000C2F84001C2F844018948D0F84031D0F839
:10CB300044210020D3F13201904106D200208449E3
:10CB400081F8380184F82C004AE0237B814D2D8840
:10CB500003FB05F2D4E93A01F3F7C2FD237B7D4DD7
:10CB60002D886B43257B03FB05F2D4E93E01F3F7E7
:10CB7000B7FD012084F82C00BDEC028B70BD744819
:10CB800090ED720AD0ED730A9FED731A60EE810A80
:10CB9000B4EEE00AF1EE10FA14DD90F8380188B135
:10CBA0006B4890ED730AD0ED720A30EE600AD0ED5A
:10CBB000730A9FED6A1A60EE810A80EE201A80EDFA
:10CBC000671A04E0B7EE000A614880ED670A0021A9
:10CBD0005F4AC2F84011C2F84411002084F82C00CA
:10CBE000B4F85800A4F8A8008220015BAA200153E1
:10CBF00004F1A80204F1800104F158000AF04EFA91
:10CC000084F8C80004F1980204F1B00104F1A8000E
:10CC10000AF044FA84F8C800002012E0D4F81C118D
:10CC200001EB800191ED000A4949D1ED670A20EE40
:10CC3000200AD4F81C1101EB800181ED000A411C8F
:10CC4000C8B2B4F898109A22125B51438142E5DCD5
:10CC5000042025E000211FE0021F3C4B03EB820271
:10CC6000D2ED000A9FED3E1A80EE810A00EB4003F0
:10CC70000B44D4F81C2102EB8302D2ED000A20EE13
:10CC8000200A00EB40030B44D4F81C2102EB830282
:10CC900082ED000A4A1CD1B20329DDDB411CC8B277
:10CCA0000628D7DBB4F89800A4F8B8000121BA2010
:10CCB000015304F1B80204F1C00104F198000AF034
:10CCC000EDF984F8C800224890F83801A0B3042098
:10CCD00058E0BC21095901EB800191ED000A1C4983
:10CCE000D1ED6F0A9FED1F1A60EE810AB4EEE00AE3
:10CCF000F1EE10FA0BDD91ED6F0ADFED1A0A20EE6E
:10CD0000200ABC21095901EB800181ED000ABC21F8
:10CD1000095901EB800191ED000A0D49D1ED6F0A2F
:10CD20009FED111A60EE810AB4EEE00AF1EE10FAFE
:10CD300026D291ED6F0A19E026E00000800300245E
:10CD400084030024880300248C03002484D001245D
:10CD500000CF0124B8020024CDCCCC3D6666663FEE
:10CD6000DA0FC93F0AD7233C0AD723BC5FED020A7A
:10CD700020EE200ABC21095901EB800181ED000A57
:10CD8000411CC8B20628A4DB9FED080ABC2000594C
:10CD900080ED030A04F1300204F1B80104F1380017
:10CDA0000AF006F884F8C80000BFE5E600000000BD
:10CDB00010B52DED028B1548D0ED070AB0EE600AD4
:10CDC0001348D0ED000A134802F0F0FA1148406B06
:10CDD00000EE100A0AF034FE00EE100AB8EEC00AA7
:10CDE000B0EE408A9FED0C1ADFED0C0A0AF013FE3C
:10CDF000BCEEC00A10EE100A84B222460C2108488C
:10CE000005F06AF8BDEC028B10BD0000F4EF0124C0
:10CE1000E8060024C4F001240000804F0000000058
:10CE2000CC0C002410B5B7EE000A164880ED010ABC
:10CE3000B7EE000A80ED020AB7EE000A80ED030AA1
:10CE40009FED110A80ED040A9FED0F0A80ED050A9F
:10CE50009FED0D0A80ED060A01200A4908709FED3A
:10CE60000A2AF7EE001A9FED091ADFED090AB2EE61
:10CE7000040AFFF7BDF89FED070A074880ED100A86
:10CE800010BD0000A8F00124000000008096184B9F
:10CE90006F12833A96430B3C28F0012410B586B0FC
:10CEA0008E4A07CA03AB07C38D48F5F7D5FB8D48FB
:10CEB00080ED000A8C4890ED000A8A48D0ED000A07
:10CEC00030EE200A884880ED000A00BF8748F3F75B
:10CED000CFFD864890ED010AB1EE400A844880ED0E
:10CEE000070A824890ED000A814880ED080A7F48D1
:10CEF00090ED020A7E4880ED090A7C4890ED040A14
:10CF0000B1EE400A7A4880ED040A784890ED030AB1
:10CF1000774880ED050A754890ED050A744880ED64
:10CF2000060A00F11C0200F110017248FEF78AFDAA
:10CF30006F4890ED091AF0EE410A90ED071AB0EE35
:10CF4000410A09F093FDB1EE400ADFED6B0A20EED5
:10CF5000200ADFED6A0A80EE201A654880ED1A1A71
:10CF600090ED091AF0EE410A90ED081AB0EE410A70
:10CF700009F07CFDDFED600A20EE200ADFED5F0A9C
:10CF800080EE201A5A4880ED1B1A90ED093AF0EE17
:10CF9000432A90ED083AB0EE432A90ED073AF0EEBE
:10CFA000431A90ED063AB0EE431A90ED053AF0EED2
:10CFB000430A90ED043AB0EE430A4A4890ED003A35
:10CFC000FFF75CF94A494E48D0E91534026DC06D4F
:10CFD00081E81C00C8600A4644314A48F3F740FF24
:10CFE000434A02F150014848F3F73AFF404A02F140
:10CFF0005C014648F3F734FF3D4A694603A8F5F75C
:10D0000007FD002039E03A491C3101EB800191ED28
:10D01000000A694601EB8001D1ED000A30EE600A9A
:10D020003049D1ED000A60EE200A314991ED100A35
:10D030002C4991ED001A30EE011A80EE810A2C493C
:10D04000283101EB8001D1ED000A294991ED101A38
:10D0500060EE810A91ED101A2249D1ED001A31EEED
:10D06000211AC0EE811A30EE210A2149283101EB44
:10D07000800181ED000A411CC8B20328C3DB1C4AB1
:10D0800002F13401A1F10C00F3F7EAFE204890ED23
:10D090006A0A174880ED1E0A1D4890ED690A144877
:10D0A00080ED1D0A1A4890ED680A114880ED1C0AAF
:10D0B000174890ED6B0A0E4880ED1F0A00BF154817
:10D0C000007800F0010008B9FFF772FE114800680F
:10D0D000401C1049086006B010BD000044990108CA
:10D0E000D8060024DC060024E0060024F4EF012426
:10D0F00028F00124A8F0012400003443DB0F49404C
:10D1000000D00124209901082C99010838990108C0
:10D1100000CF0124EC06002410B5044620460AF096
:10D1200001FD2078A9287DD160785328FBD11521F5
:10D13000204609F0E1F8002875D0A078E17840EAAF
:10D140000120C0F30A004749088008460088A0F57E
:10D15000806000B20880E078C010217940EA411078
:10D16000C0F30A003F49488008464088A0F5806027
:10D1700000B2488020798011617940EA8100A1796C
:10D1800040EA8120C0F30A0036498880084680883A
:10D19000A0F5806000B28880A0794010E17940EA73
:10D1A000C110C0F30A002F49C8800846C088A0F506
:10D1B000806000B2C880207A4010617A40EAC110D5
:10D1C000C0F30A002749088108460089A0F580605D
:10D1D00000B20881E079C0F301104873E079C0F330
:10D1E00080108872E079C009C872207A00F00100CE
:10D1F0000873607AC0F300108873A07AE17A40EA7D
:10D20000012000B217490882207B617B40EA01209F
:10D2100001B214484182A07BE17B40EA012001B2C7
:10D22000104801E01CE016E08182207C00F0030140
:10D230000C488175207CC0F381010A48C175207CAF
:10D24000C0F3011107480176607CA17C40EA01200F
:10D250000449488304E004480068401C024908600F
:10D2600010BD0000FADA01247806002430B50B4620
:10D27000002100BF16E00A24B4EB107F05D930244A
:10D2800004EB107403F8114005E0412404EB107422
:10D290000A3C03F81140000100254C00641C1D5598
:10D2A0004C1CE1B29142E6DB30BD0000034800783F
:10D2B00008B1012070470020FCE70000320600247E
:10D2C0000148807A7047000003D301240348008896
:10D2D0000349C8800846C0887047000060060024E3
:10D2E00003D3012400B500F00DF80A2801DD002069
:10D2F00000BD0120FCE700000148B0F900007047C4
:10D300005806002400B500F007F80A2801DD0120C6
:10D3100000BD0020FCE700000148007870470000D5
:10D3200003D301240248007BC0F380007047000053
:10D3300003D3012401480078704700001A06002436
:10D340000C48408B0C4948820A48817D0A48017488
:10D350000848C17D084841740648008A064948814A
:10D360000448418A044881810248818A0248C18177
:10D3700070470000FADA0124E4DA01240FB583B023
:10D380000420FE4908800820FD490880DDE90310DB
:10D3900008730399059848730399069888730021C8
:10D3A0000398017406980290F3F788F8039948618E
:10D3B000069802900398406901900299F3F7C2F928
:10D3C000EE480088069948430290F3F777F80399EE
:10D3D0008861EA480088069948430290039880696A
:10D3E00001900299F3F7D0F9E44800880699484380
:10D3F0000290F3F763F80399C861E0480088069942
:10D40000484302900398C06901900299F3F7BCF970
:10D41000DA480088049948430290F3F74FF80399DB
:10D420000862D64800880499484302900398006A2D
:10D4300001900299F3F7A8F906980290F3F73EF8E5
:10D4400003994862069802900398406A01900299F5
:10D45000F3F778F9C9480088049948430290F3F734
:10D460002DF803990860C548008804994843029044
:10D470000398006801900299F3F786F9BF48008885
:10D48000069948430290F3F719F803994860BB489E
:10D4900000880699484302900398406801900299D9
:10D4A000F3F772F9B5480088059948430290F3F7FD
:10D4B00005F803998860B1480088059948430290AF
:10D4C0000398806801900299F3F75EF9AB480088F1
:10D4D000049948430290F2F7F1FF0399C1F8E8007C
:10D4E000A64800880499484302900398D0F8E800C1
:10D4F00001900299F3F748F90398D0F8E8000290F8
:10D500000398007B019001220146DDE902303030B2
:10D5100009F063FC99480088049948430290F2F7A7
:10D52000CDFF0399C1F8EC00944800880499484362
:10D5300002900398D0F8EC0001900299F3F724F9D7
:10D540000398D0F8EC0002900398007B0190012230
:10D550000146DDE90230383009F03FFC059818B388
:10D5600086480088059948430290F2F7A7FF03997F
:10D57000C1F8F0008148008805994843029003985B
:10D58000D0F8F00001900299F3F7FEF80398D0F874
:10D59000F00002900398407B019001220146DDE9F2
:10D5A0000230403009F019FC74480088069948435D
:10D5B0000290F2F783FF0399C1F8F4006F480088E6
:10D5C0000699484302900398D0F8F400019002991C
:10D5D000F3F7DAF80398D0F8F40002900398807B10
:10D5E000019001220146DDE90230483009F0F5FBE7
:10D5F000624800880499484348430290F2F75EFF6E
:10D600000399C1F8F8005D480088049948434843ED
:10D6100002900398D0F8F80001900299F3F7B4F85B
:10D620000398D0F8F80002900398007B01900398CB
:10D63000007B00900146DDE902305030019A09F08C
:10D64000CCFB4E4800880499484348430290F2F7C7
:10D6500035FF0399C1F8FC00484800880499484305
:10D66000484302900398D0F8FC0001900299F3F728
:10D670008BF80398D0F8FC0002900398007B01908F
:10D680000398007B00900146DDE902305830019A92
:10D6900009F0A3FB394800880499484348430290A5
:10D6A000F2F70CFF0399C1F800013448008804998F
:10D6B000484348430290F2F701FF0399C1F804017F
:10D6C0002E48008804994843484302900398D0F8B4
:10D6D000000101900299F3F757F82848008804994F
:10D6E0004843484302900398D0F8040101900299FE
:10D6F000F3F74AF80398D0F8000102900398007BF2
:10D7000001900398007B00900146DDE90230603013
:10D71000019A09F062FB0398D0F804010290039883
:10D72000007B01900398007B00900146DDE9023008
:10D730006830019A09F051FB059878B30F480088CA
:10D7400004994843059948430290F2F7B7FE0399BC
:10D75000C1F80801094800880499484305994843DD
:10D7600002900398D0F8080101900299F3F70CF8A1
:10D770000398D0F808010290039803E0B80200244F
:10D78000BA020024407B01900398007B0090014680
:10D79000DDE902307030019A09F01FFBB9480088BA
:10D7A00006994843049948430290F2F787FE03998B
:10D7B000C1F80C01B34800880499484306994843CE
:10D7C0000290F2F77BFE0399C1F81001AD48008882
:10D7D000069948430499484302900398D0F80C01F5
:10D7E00001900299F2F7D0FFA648008804994843B7
:10D7F0000699484302900398D0F8100101900299CD
:10D80000F2F7C2FF0398D0F80C0102900398007B56
:10D8100001900398807B00900146DDE9023078306A
:10D82000019A09F0DAFA0398D0F8100102900398EF
:10D83000807B01900398007B00900146DDE9023077
:10D840008030019A09F0C9FA8E480088049948434B
:10D8500048430290F2F732FE0399C1F81401894857
:10D86000008804994843484302900398D0F8140173
:10D8700001900299F2F788FF0398D0F81401029002
:10D880000398007B01900398007B00900146DDE93E
:10D8900002308830019A09F0A0FA7A480088069987
:10D8A000484348430290F2F709FE0399C1F8180172
:10D8B0007448008806994843484302900398D0F87A
:10D8C000180101900299F2F75FFF0398D0F8180150
:10D8D00002900398807B01900398807B0090014622
:10D8E000DDE902309030019A09F077FA6548008846
:10D8F00004994843069948430290F2F7DFFD0399E3
:10D90000C1F81C015F4800880499484306994843C0
:10D9100002900398D0F81C0101900299F2F734FFAD
:10D920000398D0F81C0102900398807B0190039823
:10D93000007B00900146DDE902309830019A09F041
:10D940004CFA0398007B4F49098848430399097BA7
:10D9500048430290F2F7B2FD0399C1F82001039801
:10D96000007B4849098848430399097B4843029052
:10D97000F2F7A4FD0399C1F824010398007B414903
:10D98000098848430399097B48430290F2F796FDC2
:10D990000399C1F828010398007B3A490988484354
:10D9A0000290F2F78BFD0399C1F82C010398007BDC
:10D9B0003449098848430290F2F780FD0399C1F881
:10D9C00030010398D0F8200102900398007B019069
:10D9D0000398007B00900146DDE90230A030019AF7
:10D9E00009F0FBF90398D0F8240102900398007B1A
:10D9F00001900398007B00900146DDE90230A830D9
:10DA0000019A09F0EAF90398D0F8280102900398E6
:10DA1000007B01900398007B00900146DDE9023015
:10DA2000B030019A09F0D9F90398D0F82C0102908E
:10DA30000398007B019001220146DDE90230B830F5
:10DA400009F0CBF90398D0F8300102900398007BDD
:10DA5000019001220146DDE90230C03009F0BDF934
:10DA60000021039880F82810039880F82910039863
:10DA700080F82A10039880F82B10039880F82C1057
:10DA800007B000BDB802002470B50446E07B18B1B1
:10DA90002046FDF7BFFE11E0A37B0E4D2D8803FB52
:10DAA00005F26168D4F8F400F2F71AFEA27B094B84
:10DAB0001B8802FB03F16068F2F766FE637B054D8D
:10DAC0002D8803FB05F2A168D4F8F000F2F708FEF8
:10DAD00070BD0000B802002410B5044694F82C0074
:10DAE00068BBB4F89800A4F8A8007A20015BAA20CB
:10DAF0000153B4F8A800A4F8B0005A20015BB2208A
:10DB0000015304F1A80204F1780104F1980009F02E
:10DB1000C5FA84F8C80004F1B00204F1580104F118
:10DB2000A80009F0BBFA84F8C80004F1500204F11F
:10DB3000B00104F1580009F0E9FA84F8C80010BDFA
:10DB400010B5044694F8290068BB04F1680104F19B
:10DB5000600009F0F0FA84F8C80004F1580204F1FA
:10DB6000500104F1600009F099FA84F8C800B4F893
:10DB70005800A4F8A8006A20015BAA20015304F110
:10DB8000A80204F1680104F1580009F087FA84F84A
:10DB9000C80004F1580204F1880104F1A80009F05A
:10DBA00007F984F8C80010BD10B5044694F82A009F
:10DBB000002861D104F1800104F1780009F0BBFA7A
:10DBC00084F8C800B4F87800A4F8A8005A20015BD3
:10DBD000AA20015304F1A80204F1580104F17800CD
:10DBE00009F05CFA84F8C800B4F8A800A4F8B00002
:10DBF0008220015BB220015304F1B00204F18001E4
:10DC000004F1A80009F04AFA84F8C800B4F89000BA
:10DC1000A4F8A0009220015BA220015304F1A0020D
:10DC200004F1900104F1B00009F0C2F884F8C800D2
:10DC300004F1B00104F1A00009F0D4F884F8C800A0
:10DC4000B4F85800A4F8A8008220015BAA20015370
:10DC500004F1A80204F1800104F1580009F01EFA51
:10DC600084F8C80004F1980204F1B00104F1A8009E
:10DC700009F014FA84F8C80010BD000070B504461D
:10DC80002046FFF701FFD4F8CC0018B12046D4F8A5
:10DC9000CC108847204600F085F8D4F8D00018B1A1
:10DCA0002046D4F8D01088472046FFF749FFD4F823
:10DCB000D40018B12046D4F8D4108847207C08B985
:10DCC000E07BB8B92046FFF76FFFD4F8D80018B151
:10DCD0002046D4F8D8108847204600F0A1F8D4F8A0
:10DCE000DC0018B12046D4F8DC1088472046FFF746
:10DCF000F3FE13E0237B2A4D2D8803FB05F2D4E9C4
:10DD00003A01F2F7EDFC237B254D2D886B43257BF3
:10DD100003FB05F2D4E93E01F2F7E2FCD4F8E0009F
:10DD200018B12046D4F8E0108847002022E0227B7A
:10DD300000FB0202D4F8F81001EB820191ED000A19
:10DD4000216A01EB8001D1ED000AB4EEE00AF1EEA8
:10DD500010FA0DD2216A01EB800191ED000A227BBD
:10DD600000FB0202D4F8F81001EB820181ED000AF9
:10DD7000411CC8B2217B8142D9DC237B084D2D8810
:10DD800003FB05F2D4F8E8102068F2F7A9FCD4F8F8
:10DD9000E40018B12046D4F8E4108847206870BD2C
:10DDA000B802002410B5044694F8280060BB607BDC
:10DDB00000282ADD207BA4F8B8000121BA200153F5
:10DDC00004F1B80204F1300104F1600009F066F9D1
:10DDD00084F8C800207BA4F8C0000121C2200153B0
:10DDE00004F1C00204F1400104F1700009F056F999
:10DDF00084F8C80004F1380204F1C00104F1B8004D
:10DE000008F0D6FF84F8C80009E004F1380204F1F4
:10DE1000300104F1600009F041F984F8C80010BD38
:10DE200010B5044694F82B00E0BBB4F87800A4F8D1
:10DE3000B8000121BA20015304F1B80204F13801FD
:10DE400004F1780009F02AF984F8C800B4F8480011
:10DE5000A4F8C0000121C220015304F1C00204F162
:10DE6000B80104F1480009F051F984F8C800B4F889
:10DE70009800A4F8B8000121BA20015304F1B802B7
:10DE800004F1C00104F1980009F008F984F8C80011
:10DE900004F1300204F1B80104F1380008F088FF01
:10DEA00084F8C80010BD000010B5084B1B784BB9B2
:10DEB000074B1B7A1BB90123054C237202E0002398
:10DEC000034C23720123014C237010BDCE010024AA
:10DED000E8BC012410B50023014C237010BD0000E4
:10DEE000CE01002410B50123014C637210BD000067
:10DEF000E8BC012410B50023014C637210BD000082
:10DF0000E8BC012470B504460D4616460A220121DC
:10DF1000044800F01DF80449087000200349087205
:10DF200070BD0000D4010024CD010024E8BC012410
:10DF300070B504460D4616460A220021024800F03C
:10DF400007F80249087070BDD4010024CD010024F7
:10DF5000034671B1187860B95888401C58805888B9
:10DF6000904202DB0120187001E0002018700120AF
:10DF7000704719B9002018705880F9E70020F7E7BA
:10DF800008B500BF2D48006840F001002B4908602B
:10DF90000846006800F00100009000BF00BF00BF0D
:10DFA0000846006840F0020008600846006800F07B
:10DFB0000200009000BF00BF002205210B20F8F7EF
:10DFC000CBFA0B20F8F7B4FA002205210C20F8F761
:10DFD000C3FA0C20F8F7ACFA002205210D20F8F75F
:10DFE000BBFA0D20F8F7A4FA002205210E20F8F75D
:10DFF000B3FA0E20F8F79CFA002205210F20F8F75B
:10E00000ABFA0F20F8F794FA002205212F20F8F739
:10E01000A3FA2F20F8F78CFA002205213820F8F710
:10E020009BFA3820F8F784FA002205213C20F8F703
:10E0300093FA3C20F8F77CFA08BD0000D844025857
:10E0400010B51E481E4908600020886000211C4849
:10E05000C160017441740121817403214161142163
:10E0600081611D21C1610A210162012141620221F8
:10E0700081620D21C16202210163002141630421FB
:10E080008163C16308210164042141640821816422
:10E090000421C164022101650421416508218165D3
:10E0A000C165202101660021416604218166F7F7E0
:10E0B00083FD08B1F4F759FD10BD000000A0004039
:10E0C0007409002410B51F481F49086000208860AB
:10E0D00000211D48C160012101740021417401210A
:10E0E000817403214161142181611D21C1610A21D3
:10E0F000016201214162022181620D21C16201217F
:10E10000016340F20641416304218163C163082138
:10E11000016404214164082181640421C164032154
:10E1200001650421416508218165C1650166002101
:10E13000416604218166F7F73FFD08B1F4F715FD4C
:10E1400010BD000000A40040140A002410B51E48B1
:10E150001E4908600020886000211C48C1600174CD
:10E16000417401218174032141610A2181611D21D2
:10E17000C1610A210162032141620A2181621D21DC
:10E18000C1620A21016340F61201416301218163EA
:10E190000021C163042101644164002181640421E0
:10E1A000C164002101650421416500218165C165CB
:10E1B000042101660021416604218166F7F7FCFC19
:10E1C00008B1F4F7D2FC10BD00D40040B40A00241A
:10E1D00000B5F7B01C22654970A8F2F781FA00215A
:10E1E00070A809F019FD624908601C225F491C31C2
:10E1F00069A8F2F775FA002169A809F00DFD5D49DB
:10E2000008601C225949383162A8F2F769FA0021E6
:10E2100062A809F001FD584908601C225349543195
:10E220005BA8F2F75DFA00215BA809F0F5FC534901
:10E2300008601C224D49703154A8F2F751FA0021B0
:10E2400054A809F0E9FC4E4908601C2247498C316A
:10E250004DA8F2F745FA00214DA809F0DDFC494927
:10E2600008601C224149A83146A8F2F739FA00217A
:10E2700046A809F0D1FC444908601C223B49C4313E
:10E280003FA8F2F72DFA00213FA809F0C5FC3F494D
:10E2900008601C223549E03138A8F2F721FA002144
:10E2A00038A809F0B9FC3A4908601C222F49FC3112
:10E2B00031A8F2F715FA002131A809F0ADFC354973
:10E2C00008601C2234492AA8F2F70AFA00212AA879
:10E2D00009F0A2FC314908601C222F491C3123A8F7
:10E2E000F2F7FEF9002123A809F096FC2C490860FA
:10E2F0001C22294938311CA8F2F7F2F900211CA888
:10E3000009F08AFC274908601C222349543115A8CA
:10E31000F2F7E6F9002115A809F07EFC2249086011
:10E320001C221D4970310EA8F2F7DAF900210EA85F
:10E3300009F072FC1D4908601C2217498C3107A89E
:10E34000F2F7CEF9002107A809F066FC1849086029
:10E350001C221149A8316846F2F7C2F9002168462B
:10E3600009F05AFC1349086077B000BDB48F01086A
:10E370000000002404000024080000240C000024F5
:10E380001000002414000024180000241C000024A5
:10E390002000002424000024CC9001082800002440
:10E3A0002C00002430000024340000243800002415
:10E3B0003C0000244000002400B587B0142102A8CE
:10E3C000F2F7E2F900BF3C48006840F080003A49AB
:10E3D00008600846006800F08000019000BF00BFA0
:10E3E00000BF0846006840F0040008600846006866
:10E3F00000F00400019000BF00BF00BF08460068A5
:10E4000040F0010008600846006800F0010001903B
:10E4100000BF00BF00BF0846006840F01000086061
:10E420000846006800F01000019000BF00BF00BF68
:10E430000846006840F0020008600846006800F0E6
:10E440000200019000BF00BF00BF0846006840F016
:10E45000080008600846006800F00800019000BF4E
:10E4600000BF012209211548F7F7B2FF00224FF43F
:10E4700000511348F7F7ACFF0920029001200390E8
:10E48000002004900220059002A90C48F7F7A8FE8E
:10E490004FF40050029001200390022004900020CD
:10E4A000059002A90648F7F79BFE00214FF0006097
:10E4B000FBF7BCFC07B000BDE0440258000802585E
:10E4C0000010025810B51648164908604FF4800035
:10E4D00048600021134881600721C1604FF000713E
:10E4E000016149104161890081614FF04051C16172
:10E4F0000021016241628162C1624FF0804141634B
:10E5000000218163C163016441648164C164016568
:10E5100041658165FBF7C8F808B1F4F726FB10BD2B
:10E5200000380040540B002400B58BB00020089048
:10E5300009900A901C2101A8F2F726F917481849FA
:10E540000860EF20486000211548816040F2E73103
:10E55000C160002101618161FBF7E9FF08B1F4F7B7
:10E5600004FB002008900A9008A90D48FBF7D0FC96
:10E5700008B1F4F7FAFA60200190002002900390AD
:10E580000590042201A90648FBF719FF08B1F4F72A
:10E59000ECFA0348FBF79AFE0BB000BD00180040F0
:10E5A000640D002400B58BB00020089009900A90FB
:10E5B0001C2101A8F2F7E8F8174818490860002064
:10E5C000486000211548816040F22B11C160002194
:10E5D00001618161FBF7ABFF08B1F4F7C6FA0020D7
:10E5E00008900A9008A90D48FBF792FC08B1F4F7CF
:10E5F000BCFA602001900020029003900590042254
:10E6000001A90648FBF7DBFE08B1F4F7AEFA0348B0
:10E61000FBF75CFE0BB000BD00040040CC0C0024F6
:10E6200000B597B000201490159016901C210DA8ED
:10E63000F2F7AAF834216846F2F7A6F826482749E7
:10E640000860EF20486000212448816044F61F6183
:10E65000C1600021016141618161FBF768FF08B180
:10E66000F4F783FA002014901590169014A91B4813
:10E67000FBF74EFC08B1F4F778FA60200D9000200B
:10E680000E900F90109011901290139004220DA9EB
:10E690001248FBF794FE08B1F4F767FA00200090E7
:10E6A00001900290039004904FF4005005900020D8
:10E6B000069008904FF00070099000200A900C908E
:10E6C00069460648FBF7C0FB08B1F4F74EFA034869
:10E6D000FBF7FCFD17B000BD00040140180D00243D
:10E6E00010B5194819490860194848604FF480511D
:10E6F000164881600021C1604FF4806101610C21E6
:10E70000416100218161C1610162416200200F49C4
:10E7100088620846FCF7E3FD08B1F4F726FA002109
:10E720000A48FCF74FFB08B1F4F71FFA002107482D
:10E73000FCF719FB08B1F4F718FA0448FCF78CFA57
:10E7400008B1F4F712FA10BD00500040280E002462
:10E75000A086010010B51848184908604FF46120E0
:10E760004860002115488160C16001610C21416150
:10E7700000218161C1610162416200200F4988620C
:10E780000846FCF7ACFD08B1F4F7EFF900210B489F
:10E79000FCF718FB08B1F4F7E8F900210748FCF78B
:10E7A000E2FA08B1F4F7E1F90448FCF755FA08B1C8
:10E7B000F4F7DBF910BD000000100140BC0E00248E
:10E7C00010B51B481B4908601B4848604FF4805136
:10E7D000184881600021C1604FF4806101610C2103
:10E7E000416100218161C1610162416200201149E2
:10E7F000886200231A4619460E48FAF7C1FD08B18F
:10E80000F4F7B3F900210B48FCF7DCFA08B1F4F790
:10E81000ACF900210748FCF7A6FA08B1F4F7A5F90E
:10E820000448FCF719FA08B1F4F79FF910BD00008D
:10E8300000440040500F002480841E0010B51B4887
:10E840001B4908601B4848604FF48051184881609C
:10E850000021C1604FF4806101610C214161002100
:10E860008161C16101624162002011498862002317
:10E870001A4619460E48FAF783FD08B1F4F775F900
:10E8800000210B48FCF79EFA08B1F4F76EF900215D
:10E890000748FCF768FA08B1F4F767F90448FCF791
:10E8A000DBF908B1F4F761F910BD00000048004041
:10E8B000E40F002440420F0010B501220E490F481A
:10E8C00005F0A0FE08B1F4F750F90D490B4806F029
:10E8D000D7F908B1F4F749F90A49084805F080FA70
:10E8E00008B1F4F742F9054806F0CCFA08B1F4F79C
:10E8F0003CF9F8F7C1FD10BD480000241C130024AA
:10E9000048010024A800002400BFFEE7DFED260A2E
:10E91000B0EE600AD0ED410A90ED421A70EEC10AE5
:10E920009FED221AF4EEC10AF1EE10FA0CD2D0EDEE
:10E93000410A90ED421ADFED1E1A31EEC11A70EE57
:10E94000810AB0EE600A23E0D0ED410A90ED421A50
:10E9500070EEC10A9FED171AF4EEC10AF1EE10FA3B
:10E960000EDDD0ED420AF1EE600A90ED411ADFEDC6
:10E97000101A31EEC11A70EEC10AB0EE600A07E05B
:10E98000D0ED410A90ED421A70EEC10AB0EE600A75
:10E99000D0ED430A70EE800AC0ED430AD0ED410A83
:10E9A000C0ED420A7047000000000000000034C3C0
:10E9B0000000B4430000344300210161018801815B
:10E9C0000021C160704700000189816590ED160A41
:10E9D000B8EEC00ADFED080AB4EEE00AF1EE10FA74
:10E9E00003DD816DA1F580318165018901839FED92
:10E9F000030A80ED150A7047000000470000000080
:10EA000010B5029C018042808380847110BD00BFDC
:10EA1000FEE7000010B52DED028B0446B0EE408BF2
:10EA2000D4F8060090ED010A8A4880ED000A002023
:10EA30001DE054F8062F411C02EB810191ED000A04
:10EA40008449D1ED000A30EE600A216801EB8001B3
:10EA500081ED000A6268411C02EB810191ED000A20
:10EA6000A41F02EB800181ED000A411C88B22188BD
:10EA7000491E8142DDDCD4F806102088801E01EB9F
:10EA8000800090ED000A30EE080A2088401E01EB5D
:10EA9000800080ED000AD4F80A102088401E01EBA7
:10EAA0008000C0ED008AD4F802002188884204D298
:10EAB000D4F80200401CC4F80200102104F11A002E
:10EAC000F1F740FE21886288891A88B24AE054F83A
:10EAD000061F01EB8001D1ED000A216801EB8001E6
:10EAE00091ED001A616900EE101A00EE810A10EE35
:10EAF000101A616154F8061901EB8001D1ED000A8A
:10EB0000D4F81E1000EE101A30EE800A10EE101A23
:10EB1000C4F81E10D4F8061001EB8001D1ED000AF4
:10EB2000D4F80A1001EB800191ED001AD4F82210FC
:10EB300000EE101A00EE810A10EE101AC4F822102E
:10EB4000D4F80A1001EB8001D1ED000AD4F82610A8
:10EB500000EE101A30EE800A10EE101AC4F82610DB
:10EB6000411C88B221888142B1DCD4F8220000EE39
:10EB7000100A208800EE900AF8EE600A20EE200AC3
:10EB8000D4F81E0000EE900AD4F8260001EE100A18
:10EB900000EEC10AD4F81A0000EE900A208801EEB7
:10EBA000100AB8EE411A20EE811AD4F81E0000EEC9
:10EBB000900A01EE900A00EEE11AC0EE010A10EE92
:10EBC000900AC4F80E009FED240A10EE100AC4F853
:10EBD000160021886288891A88B221E054F8061F3D
:10EBE00001EB800191ED001AE16800EE101AA168B6
:10EBF00000EE901A00EE810A616801EB8001D1ED10
:10EC0000000A30EE600AF0EEC00A216900EE101A28
:10EC100030EE800A10EE101A2161A41F411C88B248
:10EC200021888142DADCD4F8160000EE100A208830
:10EC300000EE900AB8EE601AC0EE010A10EE900ADB
:10EC4000C4F81600D4F80E0000EE100ABDEC028BDA
:10EC500010BD0000A00300240000000086B01422B4
:10EC6000064901A8F1F73CFD052101A8F2F7DEF8FD
:10EC700000BF142008F0BFFFFBE700003892010836
:10EC800009E005480088401C0349088002F054F858
:10EC9000012008F0B0FFF4E76C060024F2F754FFFF
:10ECA0004FF4FA7008F0A7FF00BFF4F763F90220F1
:10ECB00008F0A1FFF9E740F6B83008F09CFF00BF6C
:10ECC00003F0C8F90A2008F096FFF9E7EAB000203F
:10ECD00009F04AFD00BF02F02FF800200090034623
:10ECE00002464FF400710190214807F0A9FA05206F
:10ECF000F6F7F0FA0020009003461E4A40F2411158
:10ED000001901B4807F09CFA1B480078012804D0AA
:10ED100001201A49087002F00FF81920F6F7DAFA04
:10ED20001748407A022805D0012080F3138800BFDD
:10ED3000F7F764FCD022134936A8F1F7D1FC682319
:10ED400036AA04211048FBF76DFD4B20F6F7C2FAF6
:10ED5000D0220C49D03102A8F1F7C2FC682302AAE4
:10ED600004210948FBF75EFD3220F6F7B3FAB2E75B
:10ED7000B40A00240080FFFF51060024500600243E
:10ED8000E4DA012480970108CC0C00244FF4FA70D7
:10ED900008F031FF00BF03F0EDF9012008F02BFF70
:10EDA000F9E707E0FEF77AF8012008F024FF0F20CA
:10EDB000F3F720FEF6E74FF47A7008F01CFF4FF4EB
:10EDC000FA7008F018FF00BFC82008F014FFFBE736
:10EDD000E8B000BFD0220F4934A8F1F781FC6823C6
:10EDE00034AA04210C48FBF71DFD4FF4FA7008F01B
:10EDF00002FFD0220749D0316846F1F771FC682341
:10EE00006A4604210448FBF70DFD4FF4FA7008F040
:10EE1000F2FEDFE7E0950108CC0C00244FF4967079
:10EE200008F0E9FE01210A48F3F7BAFB022008F0D6
:10EE3000E2FE01210648F3F7BCFB022008F0DBFEEE
:10EE400000BF03F067F8012008F0D5FEF9E70000E5
:10EE5000140A002400BF4F480068401C4D49086058
:10EE600008460068322873DD24224B494B48FBF7E3
:10EE70001AFF4B4800684B49884258D04848006800
:10EE800048491831884252D04548006845493031D8
:10EE900088424CD04248006842494831884246D0B6
:10EEA0003F4800683F496031884240D03C48006894
:10EEB0003C49783188423AD0394800683949903124
:10EEC000884234D0364800683649A83188422ED06E
:10EED000334800683449884229D0314800683249B3
:10EEE0001831884223D02E4800682F49303188429B
:10EEF0001DD02B4800682C494831884217D028483B
:10EF0000006829496031884211D0254800682649A7
:10EF1000783188420BD022480068234990318842DA
:10EF200005D01F4800682049A831884208D11C48F4
:10EF30000068006820F0080019490968086007E0C7
:10EF400017480068006820F0040015490968086047
:10EF500010480068642801DBFEF7F2F903F0D6F9E7
:10EF6000124800780D280CDB1148008811490988E7
:10EF7000884202D10120104908700E4800880C49CF
:10EF800008800A480078401C084908700F2008F0E3
:10EF900032FE60E770060024F8D90124280E002410
:10EFA0007810002410000240100402408206002461
:10EFB0007E060024800600248306002400BF012072
:10EFC00008F019FEFBE70000642008F014FE02F0D0
:10EFD0004FF90A4800F06CFB0848283000F068FB45
:10EFE000642008F008FE00BFFEF79CF900B900BFDE
:10EFF00003F042FA0A2008F0FEFDF5E7A4C7012459
:10F0000040F2DC5008F0F7FD00BF00BFF2F79EFBB6
:10F01000F2F732FC012008F0EEFDF7E700BF012017
:10F0200008F0E9FDFBE700000549C868804700BF1C
:10F03000034988698047012008F0DDFDF8E70000FA
:10F040004C02002410B50248F7F7DBFC10BD0000AD
:10F05000F82700242DE9F04704460D462668374678
:10F06000D6F8408007F5306000EB4510D0F80890E6
:10F07000104880450BD909F40040B0F5004F06D187
:10F080004FF4004107F5306000EB451081602046E9
:10F09000F8F778F90748804508D9A079012805D103
:10F0A00004F29C420121206806F0A0FB0020BDE88C
:10F0B000F08700000A30544F2DE9F04705460C4612
:10F0C000D5F800904E46D9F840A006F5306000EB28
:10F0D0004410D0F80880A879012855D108F008001C
:10F0E00008280FD1434882450BD908F40040B0F5F9
:10F0F000004F7BD14FF4004106F5306000EB441027
:10F10000816073E008F02000202806D1202106F558
:10F11000306000EB4410816068E008F028000028AF
:10F1200064D1344882450CD908F40040B0F5004F52
:10F1300007D14FF4004106F5306000EB44108160C8
:10F1400054E004EBC40105F5157000EB810706F5EA
:10F15000306000EB4410396A0069C0F31200081AED
:10F16000786164B9386930B905F29C420121286898
:10F1700006F03CFB03E07969F8680844F860E1B206
:10F180002846F7F7B5FA31E01B4882451BD108F451
:10F190000040B0F5004F07D14FF4004106F5306054
:10F1A00000EB4410816021E008F02000202805D108
:10F1B000202106F5306000EB44108160E1B2284662
:10F1C000F7F796FA12E06CB904EBC40105F5157077
:10F1D00000EB8100006928B905F29C4200212868F3
:10F1E00006F004FBE1B22846F7F782FA0020BDE8FA
:10F1F000F08700000A30544F0A31544F2DE9F84F80
:10F2000007460E46D7F80090C84606EBC60107F140
:10F21000140000EB8104D4E90410884202D90120D3
:10F22000BDE8F88FD4E90401451AA068A84200D2CD
:10F23000A568E81C4FEA900A17E0D4E90401451AD2
:10F24000A068A84200D2A568E81C4FEA900AB879E5
:10F25000ABB2F2B200904846E16806F08FFFE0687A
:10F260002844E06060692844606108F5106000EBA4
:10F270004610806980B2504506D3D4E90410884214
:10F2800002D220690028D8D1D4E9040188420ED8DE
:10F2900006F00F01012000FA01FB40F6340050F89F
:10F2A000080020EA0B0040F6340141F80800002075
:10F2B000B6E7D0ED041AC0ED031A70EE601AC0ED87
:10F2C000041AD0ED091AB7EE002A72EE611A90ED19
:10F2D000082A61EE821A90ED092A42EE011AB0EE78
:10F2E000611AD0ED021A61EE811AC0ED051AD0ED57
:10F2F000051A90ED042AD0ED002A42EE221AC0ED44
:10F30000051AD0ED061A90ED042AD0ED012A42EE3E
:10F31000221AC0ED061AD0ED061A90ED0B2AB1EEB6
:10F32000422AF4EEC21AF1EE10FA04D8D0ED0B1A0C
:10F33000F1EE611A0DE0D0ED061A90ED0B2AF4EE15
:10F34000C21AF1EE10FA02DBD0ED0B1A01E0D0ED9B
:10F35000061AC0ED061AD0ED051A90ED062A71EED8
:10F36000821AC0ED051AD0ED051A90ED0A2AB1EE09
:10F37000422AF4EEC21AF1EE10FA04D8D0ED0A1ABD
:10F38000F1EE611A0DE0D0ED051A90ED0A2AF4EEC7
:10F39000C21AF1EE10FA02DBD0ED0A1A01E0D0ED4C
:10F3A000051AC0ED051A80ED081A704710B52DED4D
:10F3B000028B0446B0EE408B94F8980000F0800079
:10F3C00010B1204608F06AFA04F18C00F3F744F912
:10F3D00010EE100AC4F8900018EE100A206118EE22
:10F3E000900A2060206800EE100A206900EE900A62
:10F3F00030EE600A10EE100AA061D4F8A20018B135
:10F40000D4F8A21020468847A06900EE100AB5EE95
:10F41000C00AF1EE10FA03DDA06900EE100A04E064
:10F42000A06900EE100AB1EE400AA06C00EE900A4E
:10F43000B4EEE00AF1EE10FA7EDDD4F8940098BB49
:10F44000606800EE100AA06900EE900A20EE200A23
:10F4500010EE100A6062A06800EE100AA06900EECB
:10F46000900A60EE200AD4F8900000EE100A20EE18
:10F47000800A10EE100A2063B4F86000022814DD40
:10F48000A06900EE900AD4F8900000EE100A04F192
:10F490006200FFF7BFFAE06800EE900A20EE200A53
:10F4A00010EE100AE0627FE016E0A06900EE100A9C
:10F4B000E06900EE900A70EE600AE06800EE100A63
:10F4C00020EE801AD4F8900000EE100AC1EE000A77
:10F4D00010EE900AE06267E0606800EE100AD4F86F
:10F4E0009400006800EE900A70EE200AA06900EE19
:10F4F000100A20EE800A10EE100A6062A06800EE8A
:10F50000100AD4F89400406800EE900A70EE200AC9
:10F51000A06900EE100A60EE800AD4F8900000EEB8
:10F52000100A20EE800A10EE100A2063B4F8600082
:10F5300002281CDDA06900E08EE000EE900AD4F8FD
:10F54000900000EE100A04F16200FFF763FAE06831
:10F5500000EE900AD4F89400806801EE100A70EE74
:10F56000810A20EE200A10EE100AE0621CE0E0683A
:10F5700000EE100AD4F89400806800EE900A30EE95
:10F58000201AA06900EE100AE06900EE900A30EE41
:10F59000600A21EE001AD4F8900000EE100AC1EEC5
:10F5A000000A10EE900AE062D4F8A60018B1D4F870
:10F5B000A6102046884794F8980000F0040010B187
:10F5C000204608F0E8F994F8980000F0200010B107
:10F5D000204607F081FF94F8980000F0020010B177
:10F5E000204608F01CF894F8980000F0400010B194
:10F5F000204607F0E9FF94F8980000F0010010B1F0
:10F60000204608F087F8A06A00EE100A206B00EE92
:10F61000900A30EE200A10EE100AA062606A00EE36
:10F62000100AA06A00EE900A70EE200AE06A00EE6E
:10F63000100A30EE800A10EE100A606394F8980009
:10F6400000F0100010B1204608F0DAF8204608F06B
:10F6500002F9204608F07CF920696061606BA063C4
:10F66000E06AE063A069E061206B2062606B00EEFD
:10F67000100ABDEC028B10BDF0B504460E461746CD
:10F680001D463A46314604F1280000F0CBF894EDCF
:10F69000110ABDEEC00A10EE101A2A46204600F0EC
:10F6A000C1F894ED070A84ED200A94ED200AF0BD1C
:10F6B0009FED080A80ED030A9FED060A80ED040A1B
:10F6C0009FED040A80ED050A9FED020A80ED070A0E
:10F6D000704700000000000080ED000AC0ED010A44
:10F6E00080ED021AC0ED061A80ED082ADFED022A2D
:10F6F000C0ED092A704700000000000080ED090AF3
:10F70000704780ED080A704790ED031A80ED041AE7
:10F7100030EE601AB5EEC01AF1EE10FA02DB30EEF0
:10F72000601A03E030EE601AB1EE411AD0ED091A0A
:10F73000B4EEE11AF1EE10FA04D29FED391A80ED21
:10F74000031A03E030EE601A80ED031A90ED031AFD
:10F75000D0ED041A31EE611AD0ED021A21EE211A11
:10F7600080ED071A90ED071AD0ED031A90ED002AEC
:10F7700001EE821A80ED071A90ED051AD0ED031AFA
:10F7800090ED012A01EE821A80ED051A90ED051A1E
:10F79000D0ED061AF1EE611AB4EEE11AF1EE10FAAC
:10F7A00004D890ED061AB1EE411A0DE090ED051A5D
:10F7B000D0ED061AB4EEE11AF1EE10FA02DB90ED8C
:10F7C000061A01E090ED051A80ED051A90ED071A72
:10F7D000D0ED051A31EE211A80ED071A90ED071AC7
:10F7E000D0ED081AF1EE611AB4EEE11AF1EE10FA5A
:10F7F00004D890ED081AB1EE411A0DE090ED071A09
:10F80000D0ED081AB4EEE11AF1EE10FA02DB90ED39
:10F81000081A01E090ED071A80ED071A7047000002
:10F820000000000090ED030A80ED040A8B1A01D459
:10F830008B1A00E0531A00EE103AB8EEC00AD0ED71
:10F84000090AB4EEE00AF1EE10FA04D29FED3A0A8A
:10F8500080ED030A06E08B1A00EE103AB8EEC00AFB
:10F8600080ED030A90ED030AD0ED040A30EE600A41
:10F87000D0ED020A20EE200A80ED070A90ED070A7B
:10F88000D0ED030A90ED001A00EE810A80ED070A20
:10F8900090ED050AD0ED030A90ED011A00EE810A01
:10F8A00080ED050A90ED050AD0ED060AF1EE600A3A
:10F8B000B4EEE00AF1EE10FA04D890ED060AB1EECB
:10F8C000400A0DE090ED050AD0ED060AB4EEE00A1C
:10F8D000F1EE10FA02DB90ED060A01E090ED050A68
:10F8E00080ED050A90ED070AD0ED050A30EE200AFA
:10F8F00080ED070A90ED070AD0ED080AF1EE600AE4
:10F90000B4EEE00AF1EE10FA04D890ED080AB1EE78
:10F91000400A0DE090ED070AD0ED080AB4EEE00AC7
:10F92000F1EE10FA02DB90ED080A01E090ED070A13
:10F9300080ED070A7047000000000000C1600274FB
:10F94000704770B504460D46204600F02EF800B111
:10F9500070BDE06820B92189206840F8215011E08D
:10F960002389267CE16803FB061032462946F0F71E
:10F9700072FE2189227CE06801FB02002289216855
:10F9800041F822002089401CA18890FBF1F201FB84
:10F990001200208100BFDBE770B504460D46A800C9
:10F9A000F0F78CFD2060A58070BD01460889401CE1
:10F9B0008A8890FBF2F302FB1300CA88904201D1BF
:10F9C000012070470020FCE72DE9F04104460E4677
:10F9D00000275548006800F00300032802D10120E9
:10F9E000BDE8F08150482838006820F080604E491A
:10F9F00028390860F6F7F2FC054606E0F6F7EEFC5B
:10FA0000401B022801D90320EAE74748283800684C
:10FA1000C0F3C0600028F1D100BF4348006820F463
:10FA20007C30216840EA01303F490860A088401ED0
:10FA3000C0F30800A168491E4FF47E4202EA41214A
:10FA40000843A189491ED20102EA01410843217CF1
:10FA5000491E120202EA016108433349103108606D
:10FA600000BF3148001D006820F0C00061690843F4
:10FA70002D49091D08600846006820F02000A16992
:10FA800008432949091D08600846006820F0100055
:10FA900008602548143000684FF6F8718843E16922
:10FAA00040EAC1002049143108601F48001D006869
:10FAB00040F010001C49091D08602EB90846006876
:10FAC00040F40020086012E0012E08D11648001D05
:10FAD000006840F480101449091D086007E01248CE
:10FAE000001D006840F400100F49091D08600E4811
:10FAF0002838006840F080600B4928390860F6F724
:10FB00006DFC054606E0F6F769FC401B022801D9AA
:10FB1000032065E7044828380068C0F3C060002867
:10FB2000F1D038465CE70000284402582DE9F04146
:10FB300004460E4600275548006800F003000328DD
:10FB400002D10120BDE8F08150482838006820F03B
:10FB500080504E4928390860F6F740FC054606E01B
:10FB6000F6F73CFC401B022801D90320EAE747488E
:10FB700028380068C0F340700028F1D100BF434826
:10FB8000006820F07C70218840EA01503F490860FD
:10FB9000A088401EC0F30800A168491E4FF47E42B1
:10FBA00002EA41210843A189491ED20102EA01412A
:10FBB0000843217C491E120202EA016108433349CD
:10FBC0001831086000BF3148001D006820F4406013
:10FBD000616908432D49091D08600846006820F442
:10FBE0000070A16908432949091D0860084600689A
:10FBF00020F48070086025481C3000684FF6F871CA
:10FC00008843E16940EAC10020491C3108601F486F
:10FC1000001D006840F480701C49091D08602EB961
:10FC20000846006840F48000086012E0012E08D108
:10FC30001648001D006840F400001449091D0860C2
:10FC400007E01248001D006840F080700F49091D50
:10FC500008600E482838006840F080500B49283969
:10FC60000860F6F7BBFB054606E0F6F7B7FB401B5E
:10FC7000022801D9032065E7044828380068C0F34A
:10FC800040700028F1D038465CE700002844025854
:10FC900010B5242274497548FBF705F874480068CC
:10FCA0007449884258D072480068724918318842B5
:10FCB00052D06F4800686F49303188424CD06C4850
:10FCC00000686C494831884246D0694800686949F3
:10FCD0006031884240D06648006866497831884281
:10FCE0003AD06348006863499031884234D0604814
:10FCF00000686049A83188422ED05D4800685E499E
:10FD0000884229D05A4800685B491831884223D07C
:10FD1000574800685849303188421DD0544800681F
:10FD200055494831884217D05148006852496031DE
:10FD3000884211D04E4800684F49783188420BD034
:10FD40004B4800684C499031884205D048480068CB
:10FD50004949A831884208D145480068006820F028
:10FD6000080043490968086007E0414800680068E6
:10FD700020F004003E4909680860C8223F49404815
:10FD8000FAF791FF3F4800683A49884258D03D4809
:10FD9000006838491831884252D03A4800683549DD
:10FDA000303188424CD03748006832494831884267
:10FDB00046D0344800682F496031884240D03148ED
:10FDC00000682C49783188423AD02E480068294989
:10FDD0009031884234D02B4800682649A8318842A7
:10FDE0002ED0284800682449884229D02548006838
:10FDF00021491831884223D0224800681E493031F9
:10FE000088421DD01F4800681B494831884217D0DE
:10FE10001C48006818496031884211D019480068B0
:10FE20001549783188420BD0164800681249903144
:10FE3000884205D0134800680F49A831884208D18C
:10FE400010480068006820F008000E490968086042
:10FE500007E00C480068006820F0040009490968C0
:10FE6000086000F02FF810BDF8D90124280E0024F6
:10FE70007810002410000240100402401CDA012413
:10FE8000BC0E00246811002430B50346002013E0A6
:10FE9000012484401C406CB100EB800404EB40144E
:10FEA000074D25F8341000EB800404EB401405EBFB
:10FEB000C4046280441CE0B21228E9DB30BD0000BB
:10FEC00018DB012400B5C82232210248FFF7DCFF0D
:10FED00000BD0000FFFF030010B5242276497748DB
:10FEE000FAF7E1FE764800687649884258D07448AF
:10FEF000006874491831884252D0714800687149CD
:10FF0000303188424CD06E4800686E494831884292
:10FF100046D06B4800686B496031884240D06848E1
:10FF200000686849783188423AD065480068654978
:10FF30009031884234D0624800686249A8318842D2
:10FF40002ED05F4800686049884229D05C4800682C
:10FF50005D491831884223D0594800685A493031E8
:10FF600088421DD05648006857494831884217D00A
:10FF70005348006854496031884211D050480068A5
:10FF80005149783188420BD04D4800684E49903134
:10FF9000884205D04A4800684B49A831884208D1B8
:10FFA00047480068006820F0080045490968086073
:10FFB00007E043480068006820F0040040490968F1
:10FFC0000860C82241494248FAF76DFE414800687E
:10FFD0003C49884258D03F4800683A491831884225
:10FFE00052D03C4800683749303188424CD03948BB
:10FFF000006834494831884246D036480068314963
:020000040801F1
:100000006031884240D0334800682E4978318842B8
:100010003AD0304800682B499031884234D02D487E
:1000200000682849A83188422ED02A48006826490D
:10003000884229D02748006823491831884223D0B4
:10004000244800682049303188421DD0214800688A
:100050001D494831884217D01E4800681A4960314E
:10006000884211D01B4800681749783188420BD06C
:100070001848006814499031884205D01548006836
:100080001149A831884208D112480068006820F060
:10009000080010490968086007E00E480068006819
:1000A00020F004000B49096808600B480068401CF8
:1000B0000949086010BD0000F8D90124280E002469
:1000C0007810002410000240100402401CDA0124C1
:1000D000BC0E0024681100247006002401784278C8
:1000E00041EA0221C1F30A01504A118011460988F0
:1000F000A1F5806109B211804178C910827841EA86
:100100004211C1F30A01494A518011464988A1F5BB
:10011000806109B2518081788911C27841EA8201F7
:10012000027941EA8221C1F30A01404A91801146D5
:100130008988A1F5806109B29180017949104279DD
:1001400041EAC211C1F30A01384AD1801146C98877
:10015000A1F5806109B2D1801146B1F900100529DD
:1001600007DC1146B1F9001011F1050F01DB002188
:1001700011802E49B1F90210052908DC2B49B1F98B
:10018000021011F1050F02DB0021284A5180274996
:10019000B1F90410052908DC2449B1F9041011F162
:1001A000050F02DB0021214A91802049B1F9061098
:1001B000052908DC1D49B1F9061011F1050F02DB14
:1001C00000211A4AD180417909118908174A117210
:1001D0004179C1F3011151728179C27941EA022159
:1001E00009B2124A5181017A427A41EA02210AB2E5
:1001F0000E498A81817AC27A41EA02210AB20B4908
:10020000CA81027B0A74427B4A74817BC27B41EAC9
:100210000221064A5182017C427C41EA0221A1F579
:10022000806109B2014A918270470000E4DA01243A
:10023000F0B50446002027E1012585402540002D2A
:1002400076D0052A3BD2DFE802F0033B74ACE40031
:1002500000EB800505EB40158D4E06EBC505083516
:1002600000EB800606EB4016894F07EBC60696F8B2
:100270003C60A95500EB800505EB40153E4606EBBA
:10028000C505143500EB800606EB401607EBC606E5
:1002900096F83C6045F8263000EB800505EB4015EC
:1002A0003E4606EBC50595F83C506D1CEEB200EBE2
:1002B000800505EB401507EBC50585F83C60E0E0DF
:1002C00000EB800505EB4015714E06EBC50540358A
:1002D00000EB800606EB40166D4F07EBC60696F85E
:1002E0007460A95500EB800505EB40153E4606EB12
:1002F000C5054C3500EB800606EB401607EBC6063D
:1003000096F8746045F8263000EB800505EB401543
:100310003E4606EBC50595F874506D1CEEB200EB39
:10032000800505EB401507EBC50585F87460A8E06E
:10033000A8E000EB800505EB4015554E06EBC50522
:10034000783500EB800606EB4016514F07EBC606EA
:1003500096F8AC60A95500EB800505EB40153E46CC
:1003600006EBC505843500EB800606EB401607EB6F
:10037000C60696F8AC6045F8263000EB800505EB24
:1003800040153E4606EBC50595F8AC506D1CEEB227
:1003900000EB800505EB401507EBC50585F8AC6063
:1003A0006FE000EB800505EB4015394E06EBC50507
:1003B000B03500EB800606EB4016354F07EBC6065E
:1003C00096F8E460A95500EB800505EB40153E4624
:1003D00006EBC505BC3500EB800606EB401607EBC7
:1003E000C60696F8E46045F8263000EB800505EB7C
:1003F00040153E4606EBC50595F8E4506D1CEEB27F
:1004000000EB800505EB401507EBC50585F8E460BA
:1004100037E000EB800505EB40151D4E06EBC505EA
:10042000E83500EB800606EB4016194F07EBC606D1
:1004300096F81C61A95500EB800505EB40153E467A
:1004400006EBC505F43500EB800606EB401607EB1E
:10045000C60696F81C6145F8263000EB800505EBD2
:1004600040153E4606EBC50595F81C516D1CEEB2D5
:1004700000EB800505EB401507EBC50585F81C6111
:1004800000BF00BF451CE8B21228FFF6D5AEF0BD94
:1004900018DB01242DE9F047F5F7A0FF8146002580
:1004A000F148807CC0F3401008B1012505E0EE481A
:1004B000807CC0F3001000B102250024CCE10026AE
:1004C000102C0ADAE848408A0121A140084008B10E
:1004D000012000E00020064608E0102C02D1E2488E
:1004E000067C03E0112C01D1DF48467C04EB84003C
:1004F00000EB4410DD4901EBC000B0F82401DC49F9
:100500000988081A1FFA80FA04EB840000EB4410F3
:10051000D64901EBC000B0F82401A9EB000087B276
:1005200004EB840000EB441001EBC00090F82001C4
:10053000F0BBEEB304EB840000EB441001EBC00011
:10054000C0F82491012004EB840101EB4411C74A57
:1005500002EBC101C8714FF000081FE004EB8400FA
:1005600000EB4410C14901EBC000783010F80800DE
:10057000A8420FD104EB840101EB4411BB4A02EB0A
:10058000C101843151F82830012101FA04F002221E
:100590002946984708F1010000F0FF0804EB8400A9
:1005A00000EB4410B14901EBC00090F8AC0000E052
:1005B00002E04045D2DC44E104EB840000EB44104F
:1005C000AA4901EBC00090F8200100287ED0002E3F
:1005D0007CD1002004EB840101EB4411A34A02EB1F
:1005E000C101487104EB840101EB441102EBC1012C
:1005F000C871012004EB840101EB441102EBC1013D
:1006000088714FF000081FE004EB840000EB4410F9
:10061000964901EBC000B03010F80800A8420FD195
:1006200004EB840101EB4411904A02EBC101BC319F
:1006300051F82830012101FA04F003222946984795
:1006400008F1010000F0FF0804EB840000EB441007
:10065000864901EBC00090F8E4004045D4DC04EB8F
:10066000840000EB441031F83000B842A3DA04EB08
:10067000840000EB441001EBC0004088B8429ADDD2
:10068000012004EB840101EB4411784A02EBC10123
:1006900008714FF0000821E004EB840000EB4410E7
:1006A000724901EBC000083010F80800A84211D1CF
:1006B00004EB840101EB44116C4A02EBC1011431DB
:1006C00051F82830012101FA04F000E012E0002284
:1006D0002946984708F1010000F0FF0804EB840068
:1006E00000EB4410614901EBC00090F83C0040452C
:1006F000D2DCA6E004EB840000EB44105B4901EB84
:10070000C00090F82001002879D0002E77D04FF05B
:1007100000081FE004EB840000EB4410534901EB98
:10072000C000E83010F80800A8420FD104EB8401A3
:1007300001EB44114D4A02EBC101F43151F828306C
:10074000012101FA04F004222946984708F101002A
:1007500000F0FF0804EB840000EB4410434901EB78
:10076000C00090F81C014045D4DC04EB840000EB91
:10077000441001EBC0004088504541DB04EB84008D
:1007800000EB441001EBC0004088B84238DA012089
:1007900004EB840101EB4411344A02EBC1014871BE
:1007A0004FF000081FE004EB840000EB44102F49D9
:1007B00001EBC000403010F80800A8420FD104EB54
:1007C000840101EB4411294A02EBC1014C3151F87B
:1007D0002830012101FA04F00A462946984708F119
:1007E000010000F0FF0804EB840000EB44101F49F7
:1007F00001EBC00090F874004045D4DC21E009E032
:10080000002004EB840101EB4411184A02EBC10102
:10081000487116E0002004EB840101EB4411134AF7
:1008200002EBC101087104EB840101EB441102EBFE
:10083000C101487104EB840101EB441102EBC101D9
:10084000887104EB840000EB4410084901EBC00000
:1008500080F82061601CC4B2122CFFF630AE044850
:10086000C0F80090BDE8F087E4DA012418DB012429
:100870008806002410B5802239493A48FAF713FA5D
:10088000394800683949884258D0374800683749A4
:100890001831884252D03448006834493031884297
:1008A0004CD03148006831494831884246D02E4802
:1008B00000682E496031884240D02B4800682B499F
:1008C000783188423AD028480068284990318842D7
:1008D00034D0254800682549A83188422ED02248C6
:1008E00000682349884229D01F48006820491831F0
:1008F000884223D01C4800681D49303188421DD0F1
:10090000194800681A494831884217D016480068CB
:1009100017496031884211D0134800681449783172
:1009200088420BD01048006811499031884205D0A8
:100930000D4800680E49A831884208D10A4800686D
:10094000006820F0080008490968086007E00648C8
:100950000068006820F0040003490968086010BDC1
:1009600078D90124500F00245812002410000240AE
:10097000100402402DE9F05FD8480078AB287CD104
:10098000D64890F83F00FD28F9D1002029E0002248
:10099000C0EBC00101EB4103D14901EB03110A8116
:1009A00000211AE001EB8002521CCC4B9A5CCB0078
:1009B0009A40C0EBC00303EB430CC94B03EB0C1391
:1009C0001B891A4393B2C0EBC00202EB420CC44A2B
:1009D00002EB0C1213814A1CD1B20429E2DB411C48
:1009E000C8B20428D3DB002017E0112101EB40013D
:1009F000BA4A525C112101EB4001491CB74B595CCA
:100A000042EA01210AB2C0EBC00101EB4103B44943
:100A100001EB03114A80411CC8B20428E5DBAF4852
:100A2000407EAE49897E40EA012000B2AD49A1F87E
:100A3000B001AD480078012816D1084690ED030AB0
:100A400080ED060A1C30FEF733FEA6486C30F1F745
:100A5000D3F9A44890ED2D0A80ED300ACC30FEF792
:100A600027FEA248F1F7C8F99C48C07E9B49097F40
:100A700040EA012001B29B4800E02CE1A0F8B2114D
:100A80009648407F9549897F40EA012000B200EEF8
:100A9000100AB8EEC00A964880ED000AD0ED000AB0
:100AA0009FED941A80EE810A9FED931AC0EE010A21
:100AB0009FED921A9FED910A00EE810A904880ED19
:100AC000430A8648C07F854991F8201040EA0120FA
:100AD00000B200EE100AB8EEC00A8A4880ED000AA3
:100AE000D0ED000A9FED881A80EE810A9FED871AEB
:100AF000C0EE010A9FED860A20EE800AF3EE090A95
:100B000020EE200ABDEEC00A10EE100A01B27C48A9
:100B10004181724890F82100C0097E4908706F48F1
:100B200090F82100C0F380107B4908706B4890F862
:100B30002140E709C4F38015C4F34018C4F3001939
:100B4000C4F3C00A04F0070B7448007A7349487272
:100B50000846017F417790F8301080F8311090F806
:100B6000441080F8451090F8581080F8591090F80B
:100B70006C1080F86D1090F8801080F8811090F85B
:100B8000941080F89510554890F82200C0096349E8
:100B90000872524890F82200C0F380115F48017734
:100BA0004E4890F82200C0F340115C4880F83010A5
:100BB0004A4890F82200C0F30011584880F84410C9
:100BC000464890F82200C0F3C001544880F85810FD
:100BD000424890F82200C0F38001504880F86C1021
:100BE0003E4890F82200C0F340014C4880F8801045
:100BF0003A4890F8220000F00101484880F894102B
:100C00004448077044480570444880F8A850444858
:100C1000007B68F30000424908730846007B69F3D3
:100C2000410008730846007B6AF382000873084697
:100C300080F801B0294890F82300284991F8241041
:100C400040EA012000B237490880244890F8250086
:100C5000224991F8261040EA012600EE106AF8EECB
:100C6000400A9FED241A80EE810A10EE100A2E49E8
:100C7000C1F80300194890F82700184991F8281086
:100C800040EA012029490880084600882449C88094
:100C9000124890F82900114991F82A1040EA0120E1
:100CA000234908810D4890F82B000C4991F82C102D
:100CB00040EA01201A494881084890F82D0008B1FF
:100CC000012000E000201B490870044890F82E0025
:100CD0000549087000BFBDE8F09F000078D90124E5
:100CE000A8B6012404BD01245206002420BE01241C
:100CF0006406002400007A44DB0F494000003443BE
:100D000060C70124680600240000C842DB0FC94008
:100D10000000704251060024C801002470D1012453
:100D200003D3012458060024320600246006002460
:100D300010D301241A06002410B5AA209D4908707A
:100D40009D4890ED000ADFED9D0A20EE200ABDEEE1
:100D5000C00A10EE100A4870974890ED000ADFEDC7
:100D6000970A20EE200ABDEEC00A10EE100A000A13
:100D70008870914890ED010ADFED900A20EE200A7C
:100D8000BDEEC00A10EE100AC8708B4890ED010A43
:100D9000DFED8A0A20EE200ABDEEC00A10EE100A2E
:100DA000000A0871864890ED200ADFED840A20EEE3
:100DB000200ABDEEC00A10EE100A00B28149088078
:100DC000084600787B4948767E480088000A887685
:100DD0007D4890ED310ABDEEC00A10EE100AC876CB
:100DE000794890ED310ABDEEC00A10EE100A000AF3
:100DF000087776480078C101754890F8480641EABE
:100E00004010744991ED000AB7EEC00A9FED721BC5
:100E1000B4EEC10BF1EE10FA01DD012100E000217A
:100E200040EA01106E49097840EA8101684890F86B
:100E30000D0641EA40006B49097808435D4948774F
:100E40006148B0F92201002803DB5F48B0F92201B4
:100E500003E05D48B0F92201404200EE100AB8EE0E
:100E6000C00AF6EE000A20EE200A5748B0F93A020E
:100E7000002803DB5448B0F93A0203E05248B0F9C5
:100E80003A02404200EE900AF8EEE00AB6EE001A8E
:100E900000EE810ABDEEC00A10EE100A45498877BF
:100EA0004948B0F92201002803DB4748B0F9220184
:100EB00003E04548B0F92201404200EE100AB8EEC6
:100EC000C00AF6EE000A20EE200A3F48B0F93A02C6
:100ED000002803DB3C48B0F93A0203E03A48B0F995
:100EE0003A02404200EE900AF8EEE00AB6EE001A2E
:100EF00000EE810ABDEEC00A10EE100A000A2D496C
:100F0000C877394890ED0A0ABDEEC00A10EE100A03
:100F100081F82000344890ED0A0ABDEEC00A10EEB8
:100F2000100A000A81F821002748007881F824007F
:100F300025480088000A81F8250023480068000C35
:100F400081F8260020480079022801D1012000E024
:100F50000020184981F82700244890ED070ABCEECC
:100F6000C00A10EE100A81F82800214800780021FC
:100F700041EAC0101F49097840EA4100124991F83E
:100F80009A1408430B4981F829000B48007A81F82C
:100F90002A000948407A81F82B001748007881F828
:100FA0002C00FE2081F83F0040221448FAF7E0FBB5
:100FB00010BD000038D90124E8BC012400007A44A7
:100FC00004BD01245406002460C7012450060024F7
:100FD00090B60124F80100249A9999999999E93FCA
:100FE00024020024C9010024A0BC0124C0CE012495
:100FF000CF01002415020024CD010024500F00244D
:1010000080ED040B80ED061B80ED082B80ED0C3B82
:1010100080ED0A4B7047000010B50248F8F7FEF962
:1010200010BD0000540B00240268516902689269E7
:1010300042F0080203689A610268926942F0100265
:1010400003689A610268126822F0010203681A605C
:101050000268126940F26F339A4303681A610268AA
:10106000926822F4404203689A6090F88120042A32
:101070000ED001F020025AB1D0F8842042F0800254
:10108000C0F884200268926942F0200203689A61E5
:1010900090F88120032A0ED001F040025AB1D0F816
:1010A000842042F00402C0F884200268926942F071
:1010B000400203689A6101F400725AB1D0F88420AA
:1010C00042F00102C0F884200268926942F4007282
:1010D00003689A6101F480725AB1D0F8842042F01A
:1010E0000802C0F884200268926942F480720368A2
:1010F0009A610022A0F86220A0F86A20704770B5BB
:101100000546AC6B00206234208120800120E0770E
:10111000623C2046F8F780F970BD10B50146012405
:10112000C86B04EB5013C868421CD01DC20802FBF8
:1011300003F010BD2DE9F04106460D4617461C464A
:10114000DDF818800BE0F5F749F9A0EB0800A042A4
:1011500001D3601C00B914B90320BDE8F0813068E8
:1011600040692840A84201D1012000E00020B84297
:10117000E9D00020F1E730B501460A461378521C49
:10118000147843EA042030BD70B504460D46164677
:101190001848B0F86A04643800B21649A1F86A0425
:1011A0000846B0F96A0400EE900AF8EEE00AB0EEE4
:1011B000600A01F26C4000F057FA0F4800F006FA9E
:1011C0000D4800F0EFF9B1EE400ABDEEC00A10EE96
:1011D000100A01B20748A0F82A11074800F0E2F906
:1011E000BDEEC00A10EE100A01B20248A0F8421289
:1011F00070BD000060C70124CCCB012470B504464B
:101200000D4616461848B0F86A04643000B2164914
:10121000A1F86A040846B0F96A0400EE900AF8EEF4
:10122000E00AB0EE600A01F26C4000F01DFA0F48CF
:1012300000F0CCF90D4800F0B5F9B1EE400ABDEE72
:10124000C00A10EE100A01B20748A0F82A11074898
:1012500000F0A8F9BDEEC00A10EE100A01B2024873
:10126000A0F8421270BD000060C70124CCCB01245D
:1012700010B500200D49487141F66410A1F86A04C8
:10128000DFED0B0A9FED0B0A01F26C4000F08EF9C6
:1012900000F012F800F09EF800210448A0F82A118E
:1012A000A0F8421200200149087110BD60C7012456
:1012B0000000000000000C4310B53248FDF77CFB35
:1012C0009FED312ADFED311A9FED311ADFED300A43
:1012D000B2EE0E0A2B483C30FEF7FEF99FED2D2AA8
:1012E000DFED2B1A9FED2C1ADFED290A9FED2B0A5B
:1012F00024486430FEF7F0F99FED292ADFED291A22
:101300009FED231ADFED220AB2EE040A1D481430C5
:10131000FEF7E2F99FED242ADFED1D1AB1EE041A63
:10132000DFED1B0AB3EE090A2048FEF7D5F99FED61
:101330001E2ADFED171AB1EE041ADFED150AB3EE1F
:10134000090A1B48FEF7C8F9B1EE044B9FED193BA3
:101350009FED1A2B9FED1B1B9FED1C0B14486C3847
:10136000FFF74EFEB1EE044B9FED123B9FED132BAA
:101370009FED141B9FED150B0D48AC30FFF740FEA1
:1013800010BD000068C701240060EA460080BB452C
:101390000000000000401C460080BB440000A0424A
:1013A00000803B4600C0F34500007A4694C8012403
:1013B000ACC90124986E1283C06A3B40F6285C8F4A
:1013C000C2F504401399B9C0E5A36940B56CAD2FCF
:1013D00012DAA23F10B5134B002211464FF48030B1
:1013E000FEF726FF0F4B032200214FF48030FEF75B
:1013F0001FFF0C4B012200211004FEF719FF0A4BBE
:10140000022200211002FEF713FF084B02221146B0
:101410004020FEF70DFF064B022211468020FEF70A
:1014200007FF10BDAD14010891140108FD1101085A
:10143000891101081348407A012803D1124981F823
:10144000680403E00020104981F868040D48007A20
:1014500001280CD10D48007848B90B4890F8680471
:1014600001280DD1084908710849087008E00548AD
:10147000007A012804D0002003490871034908704C
:1014800070470000E4DA012460C701241002002440
:1014900010B5054B93F868340BB9012300E0002325
:1014A000014C84F8683410BD60C7012410B522B126
:1014B000012A0BD0032A1BD111E00F4B93F868349B
:1014C000012B02D105230C4C237112E00A4B93F837
:1014D0006834012B02D10323074C237109E0064B2A
:1014E00093F86834012B02D10023034C237100E0F0
:1014F00000BF00BF10BD000060C7012410B5044646
:10150000012C27D12448B0F96A0400EE900AF8EEC5
:10151000E00AB0EE600A214800F0A6F81F4800F08B
:1015200055F81E4800F03EF8BDEEC00A10EE100A55
:1015300001B21948A0F82A11184800F033F8B1EEAA
:10154000400ABDEEC00A10EE100A01B21248A0F81F
:1015500042121FE09FED120A104800F085F80F4874
:1015600000F034F80D4800F01DF8BDEEC00A10EE92
:10157000100A01B20848A0F82A11084800F012F831
:10158000B1EE400ABDEEC00A10EE100A01B20248E8
:10159000A0F8421210BD000060C70124CCCB01248A
:1015A0000000000090ED020A704700009FED061A4F
:1015B00080ED001A80ED010A9FED031A80ED021AFA
:1015C000C0ED030A704700000000000090ED020A21
:1015D00090ED001A30EE410AF0EE400AF5EEC00A36
:1015E000F1EE10FA00BFB1EE600A20FE800A90ED25
:1015F000031AB4EEC10AF1EE10FA02D290ED020A1B
:101600007047F5EEC00AF1EE10FA00BFB1EE600AC5
:1016100020FE800A90ED011AB4EEC10AF1EE10FA34
:1016200004D290ED000A80ED020A1AE0F5EEC00A3D
:10163000F1EE10FA08D290ED020A90ED011A30EEA8
:10164000010A80ED020A0CE0F5EEC00AF1EE10FA94
:1016500007DD90ED020A90ED011A30EE410A80EDAF
:10166000020A90ED020ACBE780ED000A7047000005
:101670002748D0ED2B0A9FED271AB0EE0A0A00EE9C
:10168000810A80ED050A90ED050AF6EE000AB4EE37
:10169000E00AF1EE10FA03D8B6EE000A80ED050A72
:1016A0001D4890F84806012827D1194890ED2B0ACB
:1016B000DFED1A0A20EE200AD0ED2B0A20EE200AD8
:1016C000D0ED2B0A9FED161A01EE600ADFED150A28
:1016D00030EE200A80ED030A90ED030AB5EEC00A51
:1016E000F1EE10FA03D89FED100A80ED030A0848C6
:1016F00090ED030A80ED040A08E09FED0C0A04480F
:1017000080ED030A9FED090A80ED040A704700008E
:10171000ECBB01246666663E90B60124643BFF3E46
:10172000DBF923429AF906450000000000E0AB45D2
:1017300003E04FF47A7006F05EFAFAE710B500BFE6
:10174000502080F31188BFF34F8FBFF36F8F00BF1E
:1017500007F0AAFA18B14FF080500449086000BFA2
:10176000002080F3118800BF10BD000004ED00E0F0
:1017700000B59DB04C210AA8EFF706F8202102A879
:10178000EFF702F80220F5F747FE00BF00200190B6
:101790002548006820F44040234908600846006856
:1017A00000F44040019000BF00BF00BF1E48006829
:1017B00000F40050B0F5005FF8D121200A904FF4FA
:1017C00080300B9001201090022013900221149180
:1017D00015912821169101211791042118910221B8
:1017E00019910C211A9100211B911C910AA8F7F75D
:1017F00019FA08B1F1F7B9F93F20029003200390DC
:1018000000200490082005904020069007900001D9
:10181000089040200990032102A8F6F7DDFE08B1E8
:10182000F1F7A3F91DB000BD184802583A48006806
:1018300040F47000384908603848006800F00F0034
:10184000072806D23548006820F00F00C01D334934
:1018500008603348006840F001003149086000200A
:101860002F49103108602E4800682E4908402C4945
:1018700008602A48006800F00F00072806D92748AA
:10188000006820F00F00C01D244908600020244992
:1018900018310860091D0860091D086022482049A8
:1018A000283108602148091D08602148091D086089
:1018B0000020091D08601E48091D08600020091D40
:1018C00008601B48091D08600020091D08601448B5
:1018D000006820F48020124908600020104960311F
:1018E00008600F48D430006800F4805098B90C4864
:1018F000D430006840F480500949D431086043F284
:10190000D2000C4908600648D430006820F48050AA
:101910000349D4310860704788ED00E00020005290
:10192000004402587FEDF6EA000202020000FF01C7
:10193000800201010040005210B50248F8F7FAFB9E
:1019400010BD0000D012002410B50348F8F7F2FBD8
:101950000248F8F7EFFB10BD180D0024640D0024B9
:1019600010B502682E4B98420ED0B0F1804F0BD0CC
:101970002C4B984208D02C4B984205D02B4B9842C8
:1019800002D02B4B984203D122F070024B681A43CD
:10199000234B98421DD0B0F1804F1AD0214B984272
:1019A00017D0214B984214D0204B984211D0204B95
:1019B00098420ED01F4B98420BD01F4B984208D034
:1019C0001E4B984205D01E4B984202D01D4B9842A8
:1019D00003D122F44072CB681A4322F080034C6991
:1019E00043EA04028B68C3620B6883620C4B984223
:1019F0000BD00F4B984208D00E4B984205D00E4B9F
:101A0000984202D00D4B984201D10B6903630368E1
:101A100043F00403036001234361026010BD000032
:101A2000000001400004004000080040000C00409D
:101A300000040140004001400044014000480140D2
:101A400000E0004000E4004030B501F01F05012433
:101A500004FA05F3046A9C430462046A01F01F055A
:101A600002FA05F52C43046230BD70B50546AC6B37
:101A7000606AA84207D101202077E86918BB0120DD
:101A800084F83E001FE0A06AA84207D10220207718
:101A9000E869C0B901213F20015514E0E06AA8427D
:101AA00007D104202077E86968B901214020015559
:101AB00009E0206BA84206D108202077E86910B918
:101AC0000121412001552046F8F7E2FD0020207752
:101AD00070BD70B50546AC6B606AA84202D10120AA
:101AE000207710E0A06AA84202D1022020770AE005
:101AF000E06AA84202D10420207704E0206BA842CB
:101B000001D1082020772046F8F7CCFD002020776F
:101B100070BD70B50546AC6B606AA84204D1012067
:101B2000207784F83E001DE0A06AA84205D102207B
:101B3000207701213F20015514E0E06AA84205D139
:101B4000042020770121402001550BE0206BA842A2
:101B500005D10820207701214120015502E0012014
:101B600084F83D002046F8F7E3FA0020207770BDA6
:101B700030B5026A056A25F001050562436884698B
:101B8000204D2C4024F003040D682C4322F0020267
:101B90008D682A431C4DA84200D10FE01B4DA8427E
:101BA00000D10BE01A4DA84200D107E0194DA84220
:101BB00000D103E0184DA84206D100BF22F0080270
:101BC000CD682A4322F004020F4DA8420BD00F4DDE
:101BD000A84208D00E4DA84205D00E4DA84202D012
:101BE0000D4DA84207D123F4807323F400734D698F
:101BF0002B438D692B43436084614D6845630262CA
:101C000030BD00008FFFFEFF0000014000040140D6
:101C100000400140004401400048014030B5026AE4
:101C2000056A25F01005056243688469224D2C4041
:101C300024F440740D6844EA052422F020028D68E3
:101C400042EA05121D4DA84200D10FE01C4DA842EA
:101C500000D10BE01B4DA84200D100BF1A4DA84295
:101C600000D100BF194DA84207D106E022F0800242
:101C7000CD6842EA051222F04002104DA8420BD076
:101C80000F4DA84208D00F4DA84205D00E4DA842D6
:101C900002D00E4DA84209D123F4806323F40063DF
:101CA0004D6943EA85038D6943EA85034360846196
:101CB0004D688563026230BDFF8FFFFE000001406A
:101CC0000004014000400140004401400048014040
:101CD00030B5026A056A25F4807505624368C469F7
:101CE000224D2C4024F003040D682C4322F4007292
:101CF0008D6842EA05221E4DA84200D10FE01D4D1D
:101D0000A84200D10BE01C4DA84200D100BF1B4DE2
:101D1000A84200D100BF1A4DA84207D106E022F424
:101D20000062CD6842EA052222F48062104DA8428A
:101D30000BD0104DA84208D00F4DA84205D00F4D32
:101D4000A84202D00E4DA84209D123F4805323F4B7
:101D500000534D6943EA05138D6943EA0513436057
:101D6000C4614D68C563026230BD00008FFFFEFF95
:101D700000000140000401400040014000440140D7
:101D80000048014030B5036A056A25F480550562B4
:101D90004468C269124D2A4022F440720D6842EA3A
:101DA000052223F400538D6843EA05330D4DA84204
:101DB0000BD00D4DA84208D00C4DA84205D00C4DBB
:101DC000A84202D00B4DA84204D124F480444D69AE
:101DD00044EA85144460C2614D680564036230BD05
:101DE000FF8FFFFE00000140000401400040014061
:101DF000004401400048014030B5026A056A25F4FC
:101E0000803505624368446D114D2C400D682C43AC
:101E100022F400320D8942EA05420E4DA8420BD051
:101E20000D4DA84208D00D4DA84205D00C4DA8423A
:101E300002D00C4DA84204D123F480334D6943EA0B
:101E40000523436044654D688565026230BD00002E
:101E50008FFFFEFF000001400004014000400140F0
:101E6000004401400048014030B5026A056A25F48B
:101E7000801505624368446D114D2C400D6844EA9D
:101E8000052422F400120D8942EA05520D4DA842A4
:101E90000BD00D4DA84208D00C4DA84205D00C4DDA
:101EA000A84202D00B4DA84204D123F480234D69EF
:101EB00043EA8523436044654D68C565026230BDD1
:101EC000FF8FFFFE00000140000401400040014080
:101ED00000440140004801400368DB6A934202D29B
:101EE0000368DB6A9AB231B1042907D0082908D007
:101EF0000C290CD108E003685A6308E003689A6370
:101F000005E00368DA6302E003681A6400BF00BFFB
:101F1000704700001CB54748FCF7F8FC45480838F6
:101F2000B0F90A3090ED450ABDEEC00A10EE102A55
:101F300090ED460ABDEEC00A10EE101A4430FDF7CF
:101F40009BFB3C480838B0F9220101EE100AB8EEBC
:101F5000C11AF0EE410A37480838B0F92A0101EEFB
:101F6000100AB8EEC11AB0EE410A3348FDF7CCFBB7
:101F700030480838B0F93A0201EE100AB8EEC11A3A
:101F8000F0EE410A2B480838B0F9420201EE100A7F
:101F9000B8EEC11AB0EE410A2848FDF7B5FB284853
:101FA00090F88901012804D1254890F99D015A280B
:101FB00014DD2348CC30FDF77BFB2248EFF71CFFF4
:101FC0009FED210A1E4880ED530A01211F48F0F7BA
:101FD000E7FA01211D48F0F7ECFA10E0184890EDFF
:101FE000530AB0EE402ADFED181A9FED171ADFED05
:101FF000160A9FED150A01211448F0F75BFA00203C
:10200000009001900B48083890ED540ABDEEC00ACC
:1020100010EE100A03B20748083890ED9A0ABDEE98
:10202000C00A10EE100A02B24FF40071084804F022
:1020300007F91CBD68C7012494C80124ACC9012458
:1020400004BD012420BE012400000000140A002465
:10205000B40A002470B5F4F7C1F90546002483E002
:1020600004EB8400424901EB80004068281A04EB2D
:1020700084013F4A52F82110884208D904EB8400B9
:10208000114601EB8000007A08B90A2C0FDA04EB44
:102090008400374901EB8000407A10BB04EB8400D8
:1020A00001EB8000407A01281BD10A2C19DA0120AB
:1020B00004EB84012E4A02EB8101087204EB8400D8
:1020C000114601EB8000C06818B92046F0F7B2FB5A
:1020D00048E004EB8401264A02EB8101C86880478E
:1020E00040E004EB8400224901EB80004068281A9C
:1020F00004EB84011E4A52F82110884209D804EBEF
:102100008400114601EB8000007A012801D10A2CDD
:102110000FDA04EB8400164901EB8000407A0128B5
:1021200020D104EB840001EB8000407AD0B90A2C66
:1021300018DA04EB84000E4901EB8000006918B93D
:102140002046F0F79DFB06E004EB8401084A02EB11
:10215000810108698047002004EB8401044A02EBF6
:1021600081010872601CC4B2122CFFF679AF70BDF9
:1021700070D1012410B55D48007B00F00100B8B9B2
:102180005B48FDF795FA5A48B030FDF791FA584888
:102190005030EFF731FE5748EFF72EFE54481C3809
:1021A00090ED010A80ED060A9FED530A80ED270AA3
:1021B0005248B0F91400B0F5167F05DD01204C49F6
:1021C0001C3981F81D020AE04C48B0F9140010F5E2
:1021D000167F04DA002046491C3981F81D02474861
:1021E000B0F91400B0F5167F05DD012040491C3917
:1021F00081F81C0213E04148B0F91400B0F5167FD5
:1022000004DA3B481C3890F81D0218B93B48407C62
:10221000012804D0002036491C3981F81C023848B6
:10222000007800EE900AF8EE600AB0EE600A3548D9
:10223000F0F758FE344880ED000A2D481C3890F81D
:102240001C02A0B1304890ED000AF6EE000AB4EE90
:10225000E00AF1EE10FA0ADB294890ED050AB5EE26
:10226000C00AF1EE10FA02D0F1F772F909E0204845
:102270001C3890F81D0210B1F1F76CF801E0F1F78D
:1022800023F8F1F7A9F81948007B00F0010048B9DC
:1022900017481C3890ED030A80ED060A9FED160AD8
:1022A00080ED050A12481C38D0ED051AB0EE611A0F
:1022B000D0ED031AF0EE610AD0ED061AB0EE610A15
:1022C0001C30EFF779FD0A481C38D0ED2F1AB0EE1C
:1022D000611AD0ED2D1AF0EE610AD0ED301AB0EE91
:1022E000610ACC30EFF768FD10BD000003D3012474
:1022F00020BD012420BE012400000000E4DA0124F6
:10230000A4CD0124C4C50124F80100241CB5FEF7A6
:10231000C1F85248407A02287ED10120F2F7DAFF54
:10232000002000900346024640F2FF1101904C4805
:1023300003F086FF00200090034602464FF4007130
:102340000190474803F07CFF0020009003460246BE
:102350004FF400710190434803F072FF0120F2F73F
:10236000B9FF0020009003463F4A40F2411101901E
:102370003C4803F065FF0020009003463A4A4FF4C2
:10238000A1710190374803F05BFF0120F2F7A2FF33
:10239000002000900346344A40F243110190314836
:1023A00003F04EFF0020009003462F4A4FF4A27125
:1023B00001902C4803F044FF0120F2F78BFF00202E
:1023C0000090034602464FF400710190254803F047
:1023D00037FF002000900346234A40F2411101904C
:1023E000204803F02DFF0020009003461E4A4FF4C2
:1023F000A17101901B4803F023FF0120F2F76AFF4F
:10240000002000900346184A40F2431101901548FD
:1024100003F016FF002000E011E000900346124A8E
:102420004FF4A27101900F4803F00AFF01200F49F9
:102430000870FEF781FC0E48006805F01DFC074897
:10244000B0F91400142808DA0448B0F9140010F1A7
:10245000140F02DD0120074908701CBDE4DA0124D5
:10246000B40A0024140A00240080FFFF5006002450
:1024700018000024840600240EB5FAF73DFF00EE94
:10248000100AB8EEC00AFD4880ED000AFC48D0F8FA
:10249000030000EE100AF2EE040AB4EEE00AF1EED8
:1024A00010FA05DDF648D0F80300F649C1F88004BB
:1024B000F54890ED200AD0ED230AB4EE600AF1EE63
:1024C00010FA7DD090ED200AB7EEC01AEF480078E0
:1024D00000EE100AB8EE400B9FEDED2B30EE420BF4
:1024E000B4EEC01BF1EE10FA3DDDEB480078401C65
:1024F000E949087008460078012834DB002008709C
:10250000E048B0F86A040A3800B2DE49A1F86A046B
:102510000846B0F96A0400EE900AF8EEE00AB0EE60
:10252000600A01F26C40FFF79FF8D7486C30FFF764
:102530004DF8D5486C30FFF735F8BDEEC00A10EE07
:10254000100A01B2CF48A0F82A1100F26C40FFF740
:1025500029F8B1EE400ABDEEC00A10EE100A01B231
:10256000C848A0F84212C84890ED200AB7EEC01A39
:10257000C648007800EE100AB8EE400B9FEDC72B5E
:1025800030EE420BB4EEC01BF1EE10FA52D2C54849
:102590000078401CC349087008460078012849DBD0
:1025A00000200870B748B0F86A040A3000B2B54994
:1025B000A1F86A04B44890ED200AB7EEC00A00E022
:1025C00038E0B3EE061BB4EEC10BF1EE10FA06D202
:1025D0000846B0F86A04323000B2A1F86A04A9488B
:1025E000B0F96A0400EE900AF8EEE00AB0EE600A74
:1025F000A5486C30FFF738F8A3486C30FEF7E6FFCB
:10260000A1486C30FEF7CEFFBDEEC00A10EE100AF6
:1026100001B29C48A0F82A1100F26C40FEF7C2FFFC
:10262000B1EE400ABDEEC00A10EE100A01B29548A4
:10263000A0F84212944890ED200A80ED230A9A48AF
:10264000B0F91400B0F5167F03DD01208D49487103
:1026500008E09548B0F9140010F5167F02DA002062
:10266000884948718748407908B1FEF7E3FE8549FB
:1026700091F86804FEF742FF824890ED450AD0EDDC
:10268000460A30EE600AB5EEC00AF1EE10FA06DB3B
:1026900090ED450AD0ED460A30EE600A08E0794830
:1026A00090ED450AD0ED460A30EE600AB1EE400AE0
:1026B000B7EEC00AB3EE091BB4EEC10BF1EE10FA8F
:1026C00026DD70480079022822D06E48B0F89204C6
:1026D000642821DD00206B49A1F892040846B0F877
:1026E0009404401C81B26748A0F894140220654904
:1026F00008710846B0F89404052804DD01216148FA
:1027000080F89A1408E000215E4880F89A1403E0EB
:1027100000205C49A1F89204F9F716F959480079AC
:10272000012806D002287BD003287AD0052879D149
:102730003DE0FAF7FFFD38B1F9F706F990B35B48D1
:10274000B0F9000014282EDD4E4890ED460AD0ED79
:10275000450A30EE600AB7EEC00ABBEE041BB4EEC9
:10276000C10BF1EE10FA21DD90ED460AB7EEC00A7A
:102770009FED4F1B30EE410BB7EEC00B80ED460ACC
:1027800000204049087108460068401C08604A481B
:10279000006805F030FA4948D0F82A004849C1F8E5
:1027A0001B0003E0FFE7002036490871CAE0FAF792
:1027B000C1FD38B1F9F7C8F888B33C48B0F900005A
:1027C000142833DD2F4890ED460AD0ED450A30EE4F
:1027D000600AB7EEC00ABBEE041BB4EEC10BF1EE0B
:1027E00010FA20DD90ED050AB8EEC00B9FED301B0E
:1027F00030EE410BBDEEC00B80ED050A00202149F3
:10280000087108460068401C08602B48006805F005
:10281000F2F92A48D0F82A002949C1F81B0005E03E
:1028200065E004E08DE00020164908718AE0FAF7BF
:1028300081FD38B1F9F788F8F8B11C48B0F900000B
:10284000142850DD0F4890ED460AD0ED450A30EED1
:10285000600AB7EEC00ABBEE041BB4EEC10BF1EE8A
:1028600010FA43DD90ED050AB8EEC00B9FED101B8A
:1028700030EE410BBDEEC00B24E034E00C0200242E
:102880003206002460C7012460CB0124000200242A
:10289000666666666666FE3F11020024CDCCCCCC2F
:1028A000CCCC004012020024E4DA012458060024B3
:1028B00000000000000059400402002471CD0124F2
:1028C00050CD012480ED050A0068401C1E490860B7
:1028D0001E48006805F08FF91D48D0F82A001D49F0
:1028E000C1F81B0002E00020174908712AE01A4ACB
:1028F00007CA8DE8070003216846EEF797FA1248E9
:1029000090ED050AB8EEC00B1FED171B30EE010B62
:10291000BDEEC00B80ED050A4FF4FA7005F06BF9BF
:10292000094890ED050AB8EEC00B1FED1F1B30EEF5
:10293000410BBDEEC00B80ED050A00200249087175
:1029400000E000BF00BF0EBD60C7012404020024E8
:1029500071CD012450CD01242C92010810B53C48C2
:10296000F8F762FA24223B493948F8F79CF93A48CB
:1029700000683A49884258D03748006837491831CA
:10298000884252D0344800683449303188424CD0B3
:102990003148006831494831884246D02E480068A5
:1029A0002E496031884240D02B4800682B4978314D
:1029B00088423AD02848006828499031884234D06B
:1029C000254800682549A83188422ED02248006851
:1029D0002349884229D0204800682149183188427B
:1029E00023D01D4800681E49303188421DD01A4846
:1029F00000681B494831884217D0174800681849B9
:102A00006031884211D014480068154978318842F5
:102A10000BD01148006812499031884205D00E4809
:102A200000680F49A831884208D10B480068006847
:102A300020F0080008490968086007E006480068B7
:102A4000006820F0040004490968086010BD000017
:102A5000280E0024F8D90124781000241000024028
:102A60001004024070B5456E2DB90125A0F86A50DA
:102A7000A0F868501CE0102310240568AD68C5F369
:102A800042610568AD686A0F0A4DAD5C15FB04F53F
:102A9000094EB65C95FBF6F5A0F86A50054D6D5CE5
:102AA00015FB03F5044E765C95FBF6F5A0F868502F
:102AB00070BD00000C9201081492010890F82810D3
:102AC00001F00801082907D10168496821F4004193
:102AD000826B11430268516090F8281001F00101E7
:102AE00039B10168496821F40031C26A11430268B2
:102AF000516090F8281001F00201022907D1016805
:102B0000496821F48031026B11430268516090F8EA
:102B1000281001F00401042907D10168496821F453
:102B20008021426B11430268516090F8281001F037
:102B30001001102907D10168896821F48051C26B06
:102B400011430268916090F8281001F020012029BB
:102B500007D10168896821F40051026C11430268B1
:102B6000916090F8281001F04001402913D10168CC
:102B7000496821F48011426C114302685160416C34
:102B8000B1F5801F07D10168496821F4C001826C4A
:102B900011430268516090F8281001F080018029EB
:102BA00007D10168496821F40021C26C1143026811
:102BB0005160704738B504460020C4F89000F3F720
:102BC0000DFC05462068006800F00800082821D1A7
:102BD0006FF07E402B4600224FF4001100902046FB
:102BE00000F018FDB0B100BF00BF216851E8001F20
:102BF00021F08000226842E800010029F5D100BFE1
:102C00002020C4F8880000BF002084F8840000BFA2
:102C1000032038BD2068006800F00400042830D18B
:102C20006FF07E402B4600224FF48001009020463A
:102C300000F0F0FC28B300BF00BF216851E8001F7E
:102C400021F49070226842E800010029F5D100BF0C
:102C500000BF00BF2168083151E8001F21F00100CA
:102C60002168083141E80002002AF3D100BF20208A
:102C7000C4F88C0000BF002084F8840000BF03204B
:102C8000C7E72020C4F88800C4F88C000020E06664
:102C9000206700BF84F8840000BF00BFB9E770B5AB
:102CA0000446A56B0020A5F85E002846F8F7BBF89F
:102CB00070BD2DE9F0410546AC6BD4F88860D4F8BE
:102CC0008C702068806800F08000802807D1212E59
:102CD00005D10020A4F85600204600F003F9206832
:102CE000806800F04000402807D1222F05D1002045
:102CF000A4F85E00204600F0A7F8D4F8900040F059
:102D00001000C4F890002046F8F78DF8BDE8F08177
:102D100070B50546AC6BE869B0F5807F40D0002007
:102D2000A4F85E0000BF00BF216851E8001F21F435
:102D30008070226842E800010029F5D100BF00BF81
:102D400000BF2168083151E8001F21F0010021680F
:102D5000083141E80002002AF3D100BF00BF00BFE4
:102D60002168083151E8001F21F040002168083136
:102D700041E80002002AF3D100BF2020C4F88C00F3
:102D8000E06E01280CD100BF00BF216851E8001F90
:102D900021F01000226842E800010029F5D100BFAF
:102DA00000202067E06E012805D1B4F85C102046B1
:102DB000F7F7AAFF02E02046F8F7D8FC70BD70B51F
:102DC0000546AC6B01202067E06E012806D1B4F8FF
:102DD0005C0041082046F7F797FF02E02046F8F72D
:102DE000C6FC70BD70B50546AC6BE869B0F5807F78
:102DF0001ED00020A4F8560000BF00BF2168083193
:102E000051E8001F21F080002168083141E80002EC
:102E1000002AF3D100BF00BF00BF216851E8001FA6
:102E200041F04000226842E800010029F5D102E0AB
:102E30002046F8F7EDFC70BD70B50446A56B28463A
:102E4000F8F7E7FC70BD000000BF00BF026852E861
:102E5000002F22F49071036843E80012002AF5D194
:102E600000BF00BF00BF0268083252E8002F104BBD
:102E700002EA03010268083242E80013002BF2D193
:102E800000BFC16E01290CD100BF00BF026852E82B
:102E9000002F22F01001036843E80012002AF5D148
:102EA00000BF2021C0F88C100021C1664167704727
:102EB000FEFFFFEF10B5044600BF00BF216851E8D8
:102EC000001F21F04000226842E800010029F5D1EE
:102ED00000BF2020C4F888000020A0672046F8F733
:102EE00097FC10BD00BF00BF026852E8002F22F01F
:102EF000C001036843E80012002AF5D100BF00BFFB
:102F000000BF0268083252E8002F22F40001026874
:102F1000083242E80013002BF3D100BF2021C0F893
:102F2000881070472DE9F04F89B0054600200890C1
:102F3000F8492868884200D100E000BF2969A868E4
:102F4000084369690843E96940EA0108286800689C
:102F5000F149084040EA080029680860286840688C
:102F600020F44050E968084329684860D5F8188083
:102F7000E8492868884202D0286A40EA0808286898
:102F80008068E649084040EA0800296888602868A7
:102F9000C06A20F00F00696A08432968C86200BF50
:102FA000DF492868884220D1DE48006800F03800F8
:102FB000182811D005DC48B1082809D0102811D1F3
:102FC00008E020280AD028280CD109E001240BE0D1
:102FD000042409E0082407E0102405E0202403E08D
:102FE000402401E0802400BF42E1CF4928688842A4
:102FF00019D1CC48006800F00700062810D2DFE89D
:1030000000F0030507090B0D00240BE0042409E080
:10301000082407E0102405E0202403E0402401E018
:10302000802400BF24E1C1492868884219D1BD48E5
:10303000006800F00700062810D2DFE800F0030562
:1030400007090B0D00240BE0042409E0082407E025
:10305000102405E0202403E0402401E0802400BF88
:1030600006E1B3492868884219D1AE48006800F0EB
:103070000700062810D2DFE800F0030507090B0D52
:1030800000240BE0042409E0082407E0102405E0F4
:10309000202403E0402401E0802400BFE8E0A549AB
:1030A0002868884219D19F48006800F00700062868
:1030B00010D2DFE800F0030507090B0D00240BE038
:1030C000042409E0082407E0102405E0202403E09C
:1030D000402401E0802400BFCAE097492868884264
:1030E00020D19048006800F03800182811D005DC85
:1030F00048B1082809D0102811D108E020280AD0AA
:1031000028280CD109E001240BE0042409E008245C
:1031100007E0102405E0202403E0402401E080249F
:1031200000BFA5E085492868884219D17D4800681C
:1031300000F00700062810D2DFE800F003050709B9
:103140000B0D00240BE0042409E0082407E0102400
:1031500005E0202403E0402401E0802400BF87E054
:1031600077492868884219D16E48006800F0070046
:10317000062810D2DFE800F0030507090B0D002434
:103180000BE0042409E0082407E0102405E02024D3
:1031900003E0402401E0802400BF69E06949286819
:1031A000884220D15F48006800F03800182811D00C
:1031B00005DC48B1082809D0102811D108E02028E2
:1031C0000AD028280CD109E001240BE0042409E0EE
:1031D000082407E0102405E0202403E0402401E057
:1031E000802400BF44E058492868884220D14D48D7
:1031F000006800F03800182811D005DC48B1082814
:1032000009D0102811D108E020280AD028280CD194
:1032100009E001240BE0042409E0082407E010245D
:1032200005E0202403E0402401E0802400BF1FE0EB
:103230003849286888421AD13A48001D006800F0D1
:103240000700062810D2DFE800F0030507090B0D80
:1032500002240BE0042409E0082407E0102405E020
:10326000202403E0402401E0802400BF00E080240B
:1032700000BF2849286888424BD1102C1AD006DCA0
:10328000022C09D0042C0BD0082C29D10DE0202CC5
:1032900021D0402C24D120E0F4F7F8F8064623E0B2
:1032A00005A8F4F705F9069E1EE002A8F4F718FA3F
:1032B000039E19E01B4854380068C0F3401040B129
:1032C000184854380068C0F3C101204820FA01F6BC
:1032D00000E01E4E08E01E4E06E04FF4004603E0FC
:1032E00000260120089000BF00BF002E10D0194911
:1032F000686A31F81000B6FBF0F9686800EB40002E
:10330000484503D868680003484525D20120089045
:1033100007E153E0000C0058F369FFCFFFF4FF1101
:10332000001001405444025800440040004800404E
:10333000004C004000500040001401400078004064
:10334000007C004000180140001C01400090D003A8
:1033500000093D00F49101087849686A31F810C00D
:103360006246002330461946EDF7FEF84FF4807CA4
:1033700000220346A3FB0C0B01FB0CB103FB021361
:103380006968490884461CEB010143EB0200CDE962
:103390000010D5F804C06246002308460199EDF7F5
:1033A000E3F80746B7F5407F05D3B7F5801F02D293
:1033B0002868C760B5E001200890B2E0E869B0F580
:1033C000004F5BD1082C1AD005DC5CB1012C0DD06C
:1033D000042C2DD10EE0102C16D0202C23D0402C04
:1033E00026D122E0F5F7E4FA064625E0F5F7F2FAF1
:1033F000064621E005A8F4F75BF8069E1CE002A84B
:10340000F4F76EF9039E17E04D480068C0F34010D2
:1034100038B14B480068C0F3C1014A4820FA01F6B0
:1034200000E0484E08E0484E06E04FF4004603E056
:1034300000260120089000BF00BF7EB33F49686AA4
:1034400031F81000B6FBF0F04000696800EB510065
:10345000B0FBF1F7102F0ED3B7F5803F0BD24FF62C
:10346000F07007EA000AC7F342004AEA000A286837
:10347000C0F80CA055E00120089052E0082C1BD0A9
:1034800005DC64B1012C0ED0042C2ED10FE0102CE1
:1034900017D0202C24D0402C27D123E041E0F5F791
:1034A00087FA064625E0F5F795FA064621E005A8D5
:1034B000F3F7FEFF069E1CE002A8F4F711F9039E45
:1034C00017E01F480068C0F3401038B11C4800687E
:1034D000C0F3C1011B4820FA01F600E0194E08E0D4
:1034E000194E06E04FF4004603E000260120089044
:1034F00000BF00BFAEB11149686A31F81000B6FBD9
:10350000F0F0696800EB5100B0FBF1F7102F06D323
:10351000B7F5803F03D2B8B22968C86001E0012046
:1035200008900120A5F86A00A5F8680000206867E7
:10353000A867089809B0BDE8F08F0000F491010871
:10354000004402580090D00300093D0070B50446C5
:103550000E46154644F8586FA5800020A06322202F
:103560006063A06A583CF8B12748241DE16FC86326
:103570002648E16F08642648E16FC8640020E16FC7
:10358000086554F8043C03F12401626DE06F241FC8
:103590002B46F1F7AFFC38B11020C4F89000202082
:1035A000C4F88C00012070BD206960B100BF00BF6D
:1035B000216851E8001F41F48070226842E8000150
:1035C0000029F5D100BF00BF00BF2168083151E8D4
:1035D000001F41F001002168083141E80002002A83
:1035E000F3D100BF00BF00BF2168083151E8001FC0
:1035F00041F040002168083141E80002002AF3D17F
:1036000000BF0020CFE70000112D0108BF2D0108E9
:10361000B32C01082DE9F04104460D4617469846A3
:10362000069E41E0701C00283ED0F2F7D7FEA0EBCA
:103630000800B04200D816B90320BDE8F081206828
:10364000006800F0040070B3802D2DD0402D2BD0E9
:103650002068C069C0F3C00078B108202168086202
:103660002046FFF7F1FB0820C4F8900000BF0020BF
:1036700084F8840000BF0120DFE72068C069C0F340
:10368000C02080B14FF40060216808622046FFF737
:10369000DBFB2020C4F8900000BF002084F88400E9
:1036A00000BF0320C9E7FFE72068C0692840A8429F
:1036B00001D1012000E00020B842B3D00020BCE7D7
:1036C00010B53C48F7F7B0FBC8223B493948F7F73B
:1036D000EAFA3A4800683A49884258D037480068C0
:1036E00037491831884252D0344800683449303163
:1036F00088424CD03148006831494831884246D030
:103700002E4800682E496031884240D02B4800681E
:103710002B49783188423AD02848006828499031AE
:10372000884234D0254800682549A83188422ED0E7
:10373000224800682349884229D02048006821494E
:103740001831884223D01D4800681E493031884214
:103750001DD01A4800681B494831884217D01748C5
:10376000006818496031884211D014480068154932
:10377000783188420BD01148006812499031884254
:1037800005D00E4800680F49A831884208D10B487F
:103790000068006820F0080008490968086007E030
:1037A00006480068006820F00400044909680860C1
:1037B00010BD0000BC0E00241CDA01246811002496
:1037C000100002401004024010B53C48F7F72CFBF3
:1037D00080223B493948F7F766FA3A4800683A4987
:1037E000884258D03748006837491831884252D04B
:1037F000344800683449303188424CD03148006840
:1038000031494831884246D02E4800682E496031FF
:10381000884240D02B4800682B49783188423AD002
:103820002848006828499031884234D025480068EB
:103830002549A83188422ED0224800682349884271
:1038400029D02048006821491831884223D01D48DA
:1038500000681E49303188421DD01A4800681B4953
:103860004831884217D017480068184960318842AB
:1038700011D0144800681549783188420BD011489E
:10388000006812499031884205D00E4800680F49FF
:10389000A831884208D10B480068006820F0080071
:1038A00008490968086007E006480068006820F0D9
:1038B000040004490968086010BD0000500F00248E
:1038C00078D901245812002410000240100402404C
:1038D00010B50248F7F7A8FA10BD0000E40F002465
:1038E0002DE9F04104460D46D4F8C87204F5307055
:1038F000D4F8D41250F8210010B90320BDE8F081AB
:1039000004F53070D4F8D41250F8216005F00F009F
:1039100000EB800104F1140000EB8100406838B333
:1039200005F00F0000EB800104F1140000EB8100B2
:10393000416805F00F0000EBC00207F1140000EB36
:1039400082008068B1FBF0F200FB121080B9002108
:1039500005F00F0000EB800204F1140000EB820080
:10396000416000231A462946204601F056F917E027
:103970000020C6F8140204F53170D4F8D41250F8BF
:103980002100006960B1D6F8080204F53171D4F85D
:10399000D42251F822102A460B6906F50471984783
:1039A0000020ABE770B504460E4604F53070D4F83D
:1039B000D41250F82150D4F8D41250F8210008B98C
:1039C000032070BD3146204600F07AFFC5F80C0296
:1039D000D5F8040204F53171D4F8D43251F823102B
:1039E000CA6805F5037190470020EAE770B5044600
:1039F0000D4630480178204600F034FE00212D4865
:103A0000007800F00F0000EB800204F1140000EBDE
:103A10008200018228480178204600F023FE002120
:103A20002548007800F00F0000EB800204F5AA7032
:103A300000EB8200018221480178204600F012FE4E
:103A400000211E48007800F00F0000EB800204F116
:103A5000140000EB820001821848007800F00F008B
:103A600000EB800204F1140000EB8200418204F5B7
:103A70003070D4F8D41250F82100C8B104F5317177
:103A8000D4F8D42251F822104868804704F53071E8
:103A9000D4F8D42251F8220001F0E8FB002104F50B
:103AA0003070D4F8D42240F822100020C4F8BC02B0
:103AB000002070BDC3010024C4010024C5010024FE
:103AC00070B5044604F53070D4F8D41250F8215083
:103AD0000DB9032070BD04F53170D4F8D41250F83C
:103AE000210098B195F80002FF280FD095F8012227
:103AF00095F8000204F53171D4F8D46251F826101B
:103B00008B6829469847FF2085F800020020E1E7EE
:103B100001460A2008800148704700003C0100244B
:103B20002DE9F041044682210D4800F02FFC0546A6
:103B300001210B4800F02AFC06468121084800F0CC
:103B400025FC07460DB11020A8710EB14020B080B1
:103B50000FB14020B880432020800148BDE8F081AB
:103B6000800100242DE9F041044682210E4800F036
:103B70000DFC054601210C4800F008FC0646812199
:103B8000094800F003FC07460DB11020A87116B1DA
:103B90004FF40070B08017B14FF40070B88043202C
:103BA00020800148BDE8F081800100242DE9F0412A
:103BB000044682210D4800F0E9FB054601210B482F
:103BC00000F0E4FB06468121084800F0DFFB0746D1
:103BD0000DB11020A8710EB14020B0800FB140206F
:103BE000B880432020800148BDE8F0818001002496
:103BF00070B504460E464FF4077001F039FB0546D8
:103C000045B9002104F53070D4F8D42240F82210D0
:103C1000022070BD4FF407712846ECF7B5FD04F59E
:103C20003070D4F8D41240F82150D4F8D41250F89F
:103C30002100C4F8BC02207C98BB4FF40073022220
:103C400050480178204600F0E1FE01214D480078FF
:103C500000F00F0000EB800204F1140000EB820082
:103C600001824B02022248480178204600F0CEFE35
:103C700001214548007800F00F0000EB800204F5B8
:103C8000AA7000EB8200018210214048007800F009
:103C90000F0000EB800204F1140000EB820041826F
:103CA00032E0FFE74023022236480178204600F048
:103CB000ADFE01213348007800F00F0000EB8002D8
:103CC00004F1140000EB82000182402302222E48FE
:103CD0000178204600F09AFE01212B48007800F080
:103CE0000F0000EB800204F5AA7000EB8200018255
:103CF00010212648007800F00F0000EB800204F14C
:103D0000140000EB82004182082303221F4801783F
:103D1000204600F07BFE01211C48007800F00F00D7
:103D200000EB800204F1140000EB8200018200200D
:103D3000C5F8040204F53171D4F8D42251F82210E8
:103D4000086880470020C5F81402C5F81802D5F8A5
:103D5000040208B902205CE7207C48B94FF40073E4
:103D6000094801782046D5F8042200F067FE07E0F4
:103D70004023054801782046D5F8042200F05EFE75
:103D8000002046E7C3010024C4010024C50100242B
:103D900070B5044604F53070D4F8D41250F82150B0
:103DA000D4F8D41250F8210008B9032070BD207C4B
:103DB00048B94FF40073094801782046D5F8042229
:103DC00000F03CFE07E04023044801782046D5F887
:103DD000042200F033FE0020E8E70000C4010024C4
:103DE000024609B90320704702F53170D2F8D43287
:103DF00040F823100020F6E710B5024602F53070B7
:103E0000D2F8D44250F824300BB9032010BDC3F8C7
:103E100004120020FAE730B503460C4603F5307073
:103E2000D3F8D45250F8251009B9032030BDC1F899
:103E30000842C1F810220020F8E72DE9FC410546B0
:103E40000C4605F53070D5F8D41250F821600020EA
:103E500001900090804616B90320BDE8FC812078CF
:103E600000F0600000283DD020287CD1E08868B3B5
:103E7000207800F08000B8B1E288607805F53171F3
:103E8000D5F8D4C251F82C108B6831469847E08899
:103E9000072801D9072000E0E08807463A46314666
:103EA000284600F011F91CE0607886F80002E088EE
:103EB000402801D2E08800E0402086F8010296F810
:103EC00001223146284600F0DEF80AE0607805F568
:103ED0003171D5F8D42251F8221000228B68214686
:103EE000984747E0607830B1012832D00A2813D0D3
:103EF0000B282FD121E095F89C02032805D102223E
:103F00006946284600F0E0F805E02146284600F022
:103F1000AEF84FF0030824E095F89C02032805D181
:103F2000012201A9284600F0CFF805E021462846E5
:103F300000F09DF84FF0030813E095F89C02032869
:103F400005D02146284600F092F84FF0030808E01B
:103F500009E006E02146284600F089F84FF0030802
:103F600000BF00BF06E02146284600F080F84FF071
:103F7000030800BF00BF40466FE7000070B505466C
:103F800005F53070D5F8D41250F8214001260CB94F
:103F9000032070BDD4F81402C8B90120C4F814027B
:103FA0000C48007800F00F0000EB800205F11400CF
:103FB00000EB8200D4F810124160064801782846D0
:103FC000D4F81032D4F8082200F027FE002630463C
:103FD000DFE70000C301002470B504460D4600264B
:103FE000D4F8B802294642682046904700B103261B
:103FF000304670BD70B504460D4694F89C02012809
:1040000004D0022803D003280CD101E000BF00BF78
:104010006888012805D10020C4F8A402204600F0D9
:1040200064F804E02946204600F021F800BF00BFF4
:1040300070BD02460020704702460020704770B5F0
:1040400006460C4615462B4622460021304600F017
:10405000F5FC002070BD70B506460C4615462B4693
:1040600022460021304600F0D8FD002070BD70B51A
:1040700004460D468021204600F09FFD0021204689
:1040800000F09BFD70BD70B504460E46154603203A
:10409000C4F894024FF4AC700551001D05512B4635
:1040A00032460021204600F0C9FC002070BD10B54A
:1040B00004460520C4F8940200231A4619462046F7
:1040C00000F0BCFC002010BD70B504460E4615463D
:1040D0000220C4F89402A561E5612B463246002116
:1040E000204600F09AFD002070BD10B50446042063
:1040F000C4F8940200231A461946204600F08DFDAC
:10410000002010BD70B504460D46E888012804D093
:1041100029462046FFF7ABFF1EE094F89C020128D9
:1041200004D0022803D0032810D109E000BF0020EA
:10413000A060012204F108012046FFF7C5FF0AE054
:104140000122211D2046FFF7BFFF04E0294620463B
:10415000FFF78DFF00BF00BF70BDF8B504460E46E7
:10416000002000900027002570880012062874D0D7
:1041700006DC01281BD0022821D003286ED132E0B2
:1041800007286CD00F28F9D1D4F8B402C06938B12F
:10419000207CD4F8B412CA6969469047074605E006
:1041A00031462046FFF763FF681CC5B2CBE0207C98
:1041B000D4F8B4120A68694690470746C3E0207CE9
:1041C00040B9D4F8B802816A684688470746022099
:1041D000787007E0D4F8B802C16A68468847074695
:1041E00002207870AFE0B07806287AD2DFE800F0DD
:1041F0000316293F5265D4F8B402406838B1207CD8
:10420000D4F8B4124A6869469047074605E031463B
:104210002046FFF72CFF681CC5B269E0D4F8B40251
:10422000806838B1207CD4F8B4128A686946904717
:10423000074605E031462046FFF719FF681CC5B266
:1042400056E0D4F8B402C06850B1207CD4F8B4125F
:10425000CA6869469047074608E04BE06CE059E0C1
:1042600031462046FFF703FF681CC5B240E0D4F892
:10427000B402006938B1207CD4F8B4120A696946E6
:104280009047074605E031462046FFF7F0FE681CE0
:10429000C5B22DE0D4F8B402406938B1207CD4F81E
:1042A000B4124A6969469047074605E03146204600
:1042B000FFF7DDFE681CC5B21AE0D4F8B4028069CD
:1042C00040B1207CD4F8B4128A6969469047074609
:1042D00006E006E031462046FFF7C9FE681CC5B27D
:1042E00006E031462046FFF7C2FE681CC5B200BF9B
:1042F00000BF28E0207C30B9D4F8B802416B684692
:104300008847074605E031462046FFF7B0FE681CA7
:10431000C5B218E0207C40B9D4F8B802016B6846F9
:10432000884707460720787005E031462046FFF7AA
:104330009EFE681CC5B206E031462046FFF797FE98
:10434000681CC5B200BF00BF05B1F8BDF088C0B1A0
:10435000BDF8000080B1F088BDF80010884202DD91
:10436000BDF8000000E0F0880090BDF8002039465C
:104370002046FFF7A9FE07E031462046FFF777FE0B
:1043800002E02046FFF7B1FE00BFDEE72DE9F8416D
:1043900005460F462C462E464FF0000870883178AF
:1043A000884218DD307800900FE06946204600F022
:1043B00020F804466078052807D1A04698F8020046
:1043C000B84200D106E04FF000087088BDF8001038
:1043D0008842EADC00BF4046BDE8F8810146002083
:1043E0000A4602E0431CD8B2521C1378002BF9D1C4
:1043F000704710B5024610460B88047823440B80A2
:104400000378981810BD70B504460D4694F89C02C8
:10441000012804D0022803D003281AD101E000BFEC
:1044200000BFE888022804D029462046FFF71FFE77
:1044300014E00120E060D4F8A40218B1E06840F074
:104440000200E060022204F10C012046FFF73CFE6E
:1044500004E029462046FFF70AFE00BF00BF70BDFA
:104460002DE9F04107460D46904600240FB9BDE8FE
:10447000F0813E463046FFF7B1FF022101EB4000DC
:10448000B0F5007F01D9080204E03046FFF7A6FF2F
:104490004000801CA8F8000098F800002855601C17
:1044A000C4B203202855601CC4B208E030782855F7
:1044B000761C601CC4B200202855601CC4B2307841
:1044C0000028F3D100BFD2E70146002031B1012915
:1044D00006D0022906D0032908D105E0002007E014
:1044E000032005E0012003E0032001E0032000BFDA
:1044F00000BF704770B505460C462DB922460649E7
:1045000006A0FFF7ADFF04E02246034903A0FFF732
:10451000A7FF014870BD0000F81500244344432064
:10452000436F6E66696700000246122008800148EA
:10453000704700006800002470B505460C462DB990
:104540002246064906A0FFF78BFF04E022460349F6
:1045500003A0FFF785FF014870BD0000F815002497
:1045600043444320496E74657266616365000000D0
:10457000024604200880014870470000880000249B
:1045800070B505460C462246024903A0FFF768FFB6
:10459000004870BDF815002453544D6963726F656F
:1045A0006C656374726F6E696373000070B5054665
:1045B0000C462DB92246064906A0FFF751FF04E03C
:1045C0002246034903A0FFF74BFF014870BD0000DE
:1045D000F815002453544D333220566972747561B6
:1045E0006C20436F6D506F727400000070B505460B
:1045F0000C461A202080EEF7ABFD014870BD00008C
:104600008C0000242DE9F04104460D46164614B9ED
:104610000320BDE8F0810020C4F8B802C4F8C40249
:10462000C4F8D0020DB1C4F8B452012084F89C0241
:104630002670204600F04EF907463846E9E72DE996
:10464000F04104460D46002600272946D4F8C8024A
:10465000F2F7BBF806463046FFF736FF0746384606
:10466000BDE8F0812DE9F04104460D460026002703
:104670002946D4F8C802F2F773F806463046FFF729
:1046800023FF07463846BDE8F0812DE9F047044690
:104690000F469146002F56D104F11405D4F8940228
:1046A000022846D1D5E9020188420FD9D5E9020195
:1046B000401AA86049462046AA68FFF7CCFC0023B0
:1046C0001A461946204600F0B9F932E0D5E9021041
:1046D000884217D1E9686868884213D36868D4F8BB
:1046E000981288420ED2002211462046FFF7B3FCF2
:1046F0000020C4F8980200231A461946204600F00C
:104700009DF916E094F89C0203280BD1D4F8B80266
:10471000C06838B10020C4F8D402D4F8B802C16827
:10472000204688478021204600F047FA2046FFF7C0
:10473000BEFC94F8A00250B3204600F0C5FA002059
:1047400084F8A00223E047F080012046FFF771FCC7
:104750000646FF2E1BD0D6B994F89C02032816D12A
:1047600004F52E7050F82600406980B1C4F8D46278
:1047700004F52E7050F826003946426920469047CD
:104780008046B8F1000F02D04046BDE8F087002017
:10479000FBE72DE9F04705460F4690464FF000092C
:1047A000002F51D105F5AA76D5F8940203286FD1D0
:1047B000D6E90201884210D9D6E90201401AB06058
:1047C000D6E90201884201D2B06800E0F0680246F2
:1047D00041462846FFF733FC5AE095F8AA0200F05C
:1047E0001F0020B1012804D0022812D109E00024C2
:1047F00011E040F2AE20415D2846FFF71DFC044663
:1048000009E040F2AE20415D2846FFF712FC044665
:1048100001E0002400BF00BF94B995F89C02032872
:104820000ED105F52E7050F82400006940B1C5F88E
:10483000D44205F52E7050F82400016928468847B7
:104840002846FFF752FC23E007F07F012846FFF7D8
:10485000F0FB0446FF2C1BD0D4B995F89C0203282A
:1048600010D105F52E7050F82400806950B1C5F8BC
:10487000D44205F52E7050F8240039468269284646
:1048800090478146B9F1000F02D04846BDE8F08755
:104890000020FBE701460020704770B50446002564
:1048A000012084F89C02D4F8B80238B12179D4F8F8
:1048B000B80242682046904700B10325284670BDE3
:1048C00070B504460D462946D4F8C802F1F7BBFF7F
:1048D00070BD000010B50446207801282CD117487F
:1048E000C0F8E044C4F8C80215481449086009201B
:1048F000087102211148C1710021817102214172A8
:1049000000218172C17201738173C1730174F2F766
:1049100011FC08B1EEF729F94FF400710748F1F7DF
:10492000A4FE802200210548F1F7A4FE4FF4BA72DC
:1049300001210248F1F79EFE002010BDF827002457
:104940000000044010B50246D2F8C83201F08000E1
:10495000802809D101F07F0000EBC00403F11400AE
:1049600000EB8400807810BD01F07F0000EBC004F4
:1049700003F5157000EB84008078F4E770B5044609
:104980000D4604F52E70D4F8D41250F8210008B961
:10499000032070BD94F89C02032811D104F52E70F9
:1049A000D4F8D41250F82100006A48B104F52E70F2
:1049B000D4F8D41250F821002946026A20469047C4
:1049C0000020E6E770B504460D4604F52E70D4F8D5
:1049D000D41250F8210008B9032070BD94F89C024D
:1049E000032811D104F52E70D4F8D41250F8210008
:1049F000406A48B104F52E70D4F8D41250F8210062
:104A00002946426A204690470020E6E72DE9F04714
:104A100004460F4615461E464FF00008C1462B4679
:104A200032463946D4F8C802F1F718FF80464046AE
:104A3000FFF74AFD81464846BDE8F0872DE9F0477B
:104A400004460D4616461F464FF00008C1463B4639
:104A500032462946D4F8C802F1F747FF804640465F
:104A6000FFF732FD81464846BDE8F08770B5044641
:104A70000025012084F89C020020C4F894026060A4
:104A8000C4F8A40284F8A002D4F8B80258B1D4F84B
:104A9000B802406838B12179D4F8B802426820469B
:104AA000904700B103254023002211462046FFF71E
:104AB000ADFF01214FF4B27001534021001F01519D
:104AC0004023002280212046FFF7A0FF0121A1847E
:104AD00040212162284670BD014691F89C020428BD
:104AE00003D191F89D0281F89C020020704710B517
:104AF000044694F89C0203280BD1D4F8B80240B1C4
:104B0000D4F8B802C06920B1D4F8B802C16920460F
:104B10008847002010BD02461174002070472DE91F
:104B2000F04104460D46002600272946D4F8C80265
:104B3000F2F70EFC06463046FFF7C6FC074638463D
:104B4000BDE8F08170B504460D46294604F2AA205E
:104B500000F07BF80120C4F894024FF42C70005B45
:104B6000C4F8980294F8AA0200F01F0020B10128AE
:104B700009D0022815D10DE004F2AA21204600F048
:104B800087F9064616E004F2AA21204600F017FB3A
:104B900006460FE004F2AA21204600F0D0F90646AE
:104BA00008E094F8AA0200F08001204600F005F821
:104BB000064600BF00BF304670BD2DE9F0410446F7
:104BC0000D46002600272946D4F8C802F1F7B0FEAA
:104BD00006463046FFF778FC07463846BDE8F081C8
:104BE00070B5044600250026D4F8C802F2F7D3FBBE
:104BF00005462846FFF768FC0646304670BD01466C
:104C000091F89C02042803D091F89C0281F89D023F
:104C1000042081F89C02002070472DE9F0470446EB
:104C20000D4616461F464FF00008C1463B46324629
:104C30002946D4F8C802F1F7C0FE80464046FFF787
:104C400043FC81464846BDE8F08770B505460E46F0
:104C5000344620782870641C20786870641C2046D4
:104C6000FCF789FA6880641C641C2046FCF783FA10
:104C7000A880641C641C2046FCF77DFAE88070BDA7
:104C800038B504460D46002000900DB9032038BD0C
:104C9000C4F8B85204F52E70D4F8D41250F821009C
:104CA000C06A50B104F52E70D4F8D42250F8220016
:104CB000C16A68468847C4F8D002D4F8D802401CBC
:104CC000C4F8D8020020E2E701460020704770B522
:104CD00004460D46A88810BBE88800BB6888802879
:104CE0001DD2A87800F07F0694F89C02032804D116
:104CF00029462046FFF7BBF915E084F89E6231464D
:104D00002046FFF70CFF2046FFF7EFF91EB1022007
:104D100084F89C0207E0012084F89C0203E0294605
:104D20002046FFF7A4F970BD70B504460D46002675
:104D3000D4F8B80230B1D4F8B80229460268204647
:104D400090470646304670BD70B504460E460025B5
:104D5000B0783D49087008460078012805D93146E9
:104D60002046FFF784F9032070BD94F89C020228C6
:104D700002D0032859D11FE033480078C0B132482F
:104D800000786060304801782046FFF7CDFF054687
:104D90003DB131462046FFF76AF9022084F89C02B3
:104DA00009E02046FFF7A1F9032084F89C0202E005
:104DB0002046FFF79AF943E02348007870B90220B3
:104DC00084F89C022048007860601F4801782046E3
:104DD000FFF702F92046FFF788F925E01A4909781C
:104DE000606888421DD021792046FFF7F5F8164803
:104DF00000786060144801782046FFF795FF05466B
:104E00005DB131462046FFF732F921792046FFF7A0
:104E1000E3F8022084F89C0206E02046FFF765F9DB
:104E200002E02046FFF761F90AE031462046FFF72D
:104E30001EF9054801782046FFF7CEF8032500BF8C
:104E400000BF284690E700003801002470B50546F1
:104E50000C466088012805D1C5F8A4022846FFF752
:104E600044F90EE06088022807D1A088001285F876
:104E7000A0022846FFF739F903E021462846FFF74C
:104E8000F6F870BD10B504462046FFF7A9FE10BD28
:104E900070B504460D460026287800F0600088B101
:104EA000202802D0402842D100E000BF04F52E7037
:104EB000D4F8D41250F82100294682682046904741
:104EC000064639E068780A282AD2DFE800F01A247A
:104ED000291F290A0529150F29462046FFF73DF904
:104EE00023E029462046FFF7F2FE1EE02946204631
:104EF000FFF72AFF064618E029462046FFF702F989
:104F000013E029462046FFF77EFA0EE029462046A8
:104F1000FFF79CFF09E029462046FFF76BF804E005
:104F200029462046FFF7A3F800BF00BF04E029464A
:104F30002046FFF79CF800BF00BF304670BD2DE94A
:104F4000F04705460F464FF000093C79387800F0ED
:104F50006000F8B1202802D040287DD100E000BFD9
:104F600021462846FFF765F80646FF2E11D086B980
:104F7000C5F8D46205F52E7050F82600806840B15F
:104F800005F52E7050F8260039468268284690476D
:104F9000814610E1787800287AD001282FD00328A4
:104FA0006ED195F89C02022802D0032820D110E08F
:104FB00054B1802C08D021462846FFF7FEFD802101
:104FC0002846FFF7FAFD03E039462846FFF74FF879
:104FD00013E0788840B93CB1802C05D0F88818B926
:104FE00021462846FFF7E9FD2846FFF77EF804E052
:104FF00039462846FFF73BF800BF00BFD4E095F8DC
:105000009C02022802D003283BD110E054B1802C2E
:1050100008D021462846FFF7D0FD80212846FFF71B
:10502000CCFD03E039462846FFF721F82EE07888CA
:1050300020BB04F07F0018B121462846FFF7FFFA95
:105040002846FFF752F821462846FEF7F2FF0646AB
:10505000FF2E13D096B900E0A8E0C5F8D46205F59C
:105060002E7050F82600806840B105F52E7050F87B
:1050700026003946826828469047814606E007E0C8
:105080008DE039462846FEF7F2FF00BF00BF8BE0F7
:1050900095F89C02022802D0032879D126E034B189
:1050A000802C04D039462846FEF7E1FF75E004F075
:1050B0008000802808D104F07F0000EB800105F11A
:1050C000140000EB810007E004F07F0000EB80019A
:1050D00005F5AA7000EB810080460020C8F80000AA
:1050E000022241462846FEF7EFFF56E004F080001A
:1050F00080280ED104F00F0000EB800105F11400B0
:1051000000EB8100008A98B939462846FEF7AFFFC8
:1051100043E004F00F0000EB800105F5AA7000EBFE
:105120008100008A20B939462846FEF7A0FF34E006
:1051300004F08000802808D104F07F0000EB80019B
:1051400005F1140000EB810007E004F07F0000EBA4
:10515000800105F5AA7000EB810080460CB1802C1F
:1051600003D10020C8F800000CE021462846FFF7D4
:10517000E9FB20B10120C8F8000003E008E00020AE
:10518000C8F80000022241462846FEF79DFF04E0D1
:1051900039462846FEF76BFF00BF00BF04E03946E2
:1051A0002846FEF764FF00BF00BF04E039462846EA
:1051B000FEF75DFF00BF00BF4846BDE8F0872DE960
:1051C000F04105460E460027307800F0600030B10F
:1051D000202802D0402840D100E000BF00BF95F851
:1051E0009C02012804D0022803D003282ED101E01C
:1051F00000BF00BF3079012823D831792846FEF757
:105200001BFF0446FF2C14D09CB905F52E7050F8F6
:105210002400806858B1C5F8D44205F52E7050F8C6
:1052200024003146826828469047074602E003275B
:1052300000E00327F08840B93FB92846FEF755FF44
:1052400003E031462846FEF712FF04E031462846C7
:10525000FEF70DFF00BF00BF04E031462846FEF711
:1052600006FF00BF00BF3846BDE8F0817047000070
:105270000146014870470000DC2C002470B504464C
:105280000B4622461978587801282CD140F61C008C
:1052900080581D7805F00F060125B540ADB22843B2
:1052A00040F61C05A85002F5106000EB41100068A4
:1052B00000F40040F0BB1889C0F30A001D7940EAF1
:1052C000854040EA815040F0805040F4004002F5B3
:1052D000106505EB41152D68284302F5106505EBB7
:1052E000411528602DE040F61C0080581D7805F01F
:1052F0000F060125B540144E06EA0545284340F641
:105300001C05A85002F5306000EB4110006800F465
:10531000004078B91889C0F30A001D7940EA854039
:1053200040F0805040F4004002F5306505EB411537
:105330002D6800E005E0284302F5306505EB4115D6
:105340002860002070BD00000000FFFF01460A46F3
:105350004FF410608058C30ADB024FF41060835092
:1053600040F60400805840F4807340F604008350F7
:10537000002070470FB470B504469DF8190001284D
:1053800018D1A06B20F48030A063E0681F4908406A
:10539000E060E06820F44010E0609DF82000012803
:1053A00003D1E06840F48010E060204600F032F85D
:1053B000054613E0E06840F04000E060204600F061
:1053C00029F805469DF81D0020B9A06B40F48030F7
:1053D000A06303E0A06B20F48030A0639DF816006A
:1053E00001280ED1E06D80B2E065E06D0849084308
:1053F000E065A06840F00600A060A06840F02000D2
:10540000A060284670BC5DF814FB0000BFFFBDFF24
:105410000000EE0308B501460020009000BF009890
:10542000401C00900098B0F1706F01D9032008BDB6
:10543000086900F000400028F1D0002000900869C1
:1054400040F00100086100BF0098401C00900098E7
:10545000B0F1706F01D90320E9E7086900F001009D
:105460000028F1D100BFE2E770B504460B462246A2
:1054700019785878012848D102F5106000EB4110E6
:10548000006800F00040B0F1004F17D102F5106045
:1054900000EB4110006840F0006502F5106000EB81
:1054A0004110056002F5106000EB4110006840F00B
:1054B000804502F5106000EB4110056040F63C00AD
:1054C00080581D7805F00F060125B540ADB2A84300
:1054D00040F63C05A85040F61C0080581D7805F0A9
:1054E0000F060125B540ADB2A84340F61C05A850F3
:1054F00002F5106000EB411000682B4D284002F5CA
:10550000106505EB411528604BE002F5306000EBBB
:105510004110006800F00040B0F1004F17D102F5D3
:10552000306000EB4110006840F0006502F530602B
:1055300000EB4110056002F5306000EB411000689F
:1055400040F0804502F5306000EB4110056040F608
:105550003C0080581D7805F00F060125B540134E1C
:1055600006EA0545A84340F63C05A85040F61C0055
:105570008558187800F00F060120B0400B4E06EA5F
:105580000040854340F61C00855002F5306000EB7A
:1055900041100068064D284002F5306505EB4115C5
:1055A0002860002070BD0000007833EC0000FFFF91
:1055B0000078F3EF01460A46D2F8000E20F003000F
:1055C000C2F8000E40F60400805820F0020340F6B6
:1055D000040083500020704701460A46D2F8000EAE
:1055E00020F00300C2F8000E40F60400805840F09E
:1055F000020340F604008350002070470FB4F0B55A
:10560000054600272E46002405E0002105F582709E
:1056100040F82410641C0F2CF7D39DF82200A0B989
:1056200040F60400805940F0020140F60400815128
:10563000A86B20F40010A863286840F040002860A0
:10564000286840F08000286003E0A86B40F4001058
:10565000A8630020C6F8000E9DF81D0001280CD19B
:105660009DF81B0020B90021284600F00AFD08E043
:105670000121284600F005FD03E00321284600F043
:1056800000FD1021284600F002FC00B10127284649
:1056900000F0D5FB00B1012700214FF401608151DA
:1056A000001D815140F61C00815100242EE006F5BA
:1056B000106000EB4410006800F00040B0F1004FB3
:1056C00010D13CB94FF0006106F5106000EB4410BA
:1056D00001600DE04FF0904106F5106000EB4410C2
:1056E000016005E0002106F5106000EB4410016048
:1056F000002106F5106000EB441001614FF67F3188
:1057000006F5106000EB44108160641C9DF81800E1
:10571000A042CCD800242EE006F5306000EB441007
:10572000006800F00040B0F1004F10D13CB94FF0DC
:10573000006106F5306000EB441001600DE04FF0B1
:10574000904106F5306000EB4410016005E0002157
:1057500006F5306000EB44100160002106F5306072
:1057600000EB441001614FF67F3106F5306000EB2D
:1057700044108160641C9DF81800A042CCD84FF4FE
:105780000160805920F480714FF401608151002044
:10579000A8616FF0804068619DF81A0018B9A86987
:1057A00040F01000A861A8690A490843A8619DF863
:1057B0001E0018B1A86940F00800A8619DF82200F9
:1057C000012803D1A86904490843A8613846F0BC00
:1057D0005DF814FB00383C800400004001468868F6
:1057E00020F00100886000207047000070B503467B
:1057F0000C4619461D6C1848854209D94FF4306093
:10580000405800F00040B0F1004F01D1002070BDC1
:105810000026C1F8106BD1F8100B40F40026C1F837
:10582000106BD1F8100B40F01806C1F8106BD1F8CE
:10583000100B40F0C046C1F8106B012C09D1C1F823
:10584000142B4FF43060405840F080264FF4306005
:1058500046500020DBE700000A30544F30B50446C4
:105860000B4622461978587801281ED102F510609F
:1058700000EB4110006820F4001502F5106000EB09
:10588000411005601879032802D0187902282AD11E
:1058900002F5106000EB4110006840F0805502F501
:1058A000106000EB411005601DE002F5306000EB78
:1058B0004110006820F4001502F5306000EB411043
:1058C00005601879032802D0187902280BD102F557
:1058D000306000EB4110006840F0805502F5306008
:1058E00000EB41100560002030BD30B504460B468A
:1058F000224619785878012821D102F5106000EB72
:105900004110006800F0004060B959B102F5106024
:1059100000EB4110006820F0804502F5106000EBBC
:105920004110056002F5106000EB4110006840F482
:10593000001502F5106000EB4110056020E002F553
:10594000306000EB4110006800F0004060B959B1D0
:1059500002F5306000EB4110006820F0804502F550
:10596000306000EB4110056002F5306000EB411043
:10597000006840F4001502F5306000EB411005604E
:10598000002030BD2DE9F84381460E4690464D4635
:105990003478707801287DD1306920BB05F510601E
:1059A00000EB44100069E649084005F5106101EB81
:1059B0004411086105F5106000EB4410006940F4E3
:1059C000002105F5106000EB4410016105F5106041
:1059D00000EB44100069C10CC90405F5106000EB30
:1059E000441001616FE005F5106000EB44100069A0
:1059F000C10CC90405F5106000EB4410016105F508
:105A0000106000EB44100069CD49084005F51061B5
:105A100001EB4411086194B9B1683069884201D939
:105A2000B068306105F5106000EB4410006940F487
:105A3000002105F5106000EB4410016135E0B1680C
:105A400030690844401EB0FBF1F087B205F51060E4
:105A500000EB44100069BA49C94301EAC741084351
:105A600005F5106101EB44110861307901281CD162
:105A700005F5106000EB4410006920F0C04105F509
:105A8000106000EB4410016105F5106000EB44105C
:105A9000006900E099E04FF0C04101EA4771084316
:105AA00005F5106101EB4411086105F5106000EB8C
:105AB000441000693169C1F31201084305F5106112
:105AC00001EB44110861B8F1010F36D1F06928B13A
:105AD00005F5106000EB4410F1694161307901284F
:105AE0001ED140F60800405900F4807060B905F5F9
:105AF000106000EB4410006840F0005105F51060A4
:105B000000EB441001600BE005F5106000EB441061
:105B1000006840F0805105F5106000EB4410016012
:105B200005F5106000EB4410006840F0044105F5F5
:105B3000106000EB44100160FEE005F5106000EB22
:105B40004410006840F0044105F5106000EB44107B
:105B50000160307901280FD030690028ECD040F680
:105B600034004059317801F00F020121914008437F
:105B700040F634014851DFE040F60800405900F497
:105B8000807060B905F5106000EB4410006840F0CB
:105B9000005105F5106000EB441001600BE005F5C5
:105BA000106000EB4410006840F0805105F5106073
:105BB00000EB44100160CDF80080308A83B2327867
:105BC0004846F16800F0DAFAB6E005F5306000EB1F
:105BD00044100069C10CC90405F5306000EB4410A5
:105BE000016105F5306000EB44100069544908403C
:105BF00005F5306101EB4411086104BB306908B15F
:105C0000B0683061B068306205F5306000EB441078
:105C10000069316AC1F31201084305F5306101EBF7
:105C20004411086105F5306000EB4410006940F450
:105C3000002105F5306000EB4410016143E030695C
:105C4000D0B905F5306000EB44100069B168C1F3CC
:105C50001201084305F5306101EB4411086105F5B7
:105C6000306000EB4410006940F4002105F530601D
:105C700000EB4410016126E0B16830690844401E21
:105C8000B0FBF1F087B2B0687843306205F5306060
:105C900000EB441000692A49C94301EAC74108439F
:105CA00005F5306101EB4411086105F5306000EB4A
:105CB00044100069316AC1F31201084305F53061EF
:105CC00001EB44110861B8F1010F07D1F06828B168
:105CD00005F5306000EB4410F1684161307901282E
:105CE0001ED140F60800405900F4807060B905F5F7
:105CF000306000EB4410006840F0005105F5306062
:105D000000EB441001600BE005F5306000EB44103F
:105D1000006840F0805105F5306000EB44100160F0
:105D200005F5306000EB4410006840F0044105F5D3
:105D3000306000EB441001600020BDE8F8830000F3
:105D4000FFFF07E078B503460024009400201A46C0
:105D50004C78012C35D10C7802F5106505EB441414
:105D6000246804F00044B4F1004F60D10C7805EBD6
:105D70004414246844F000660C7805EB4414266053
:105D80000C7805EB4414246844F080460C7805EB4D
:105D90004414266000BF009C641C009442F21075FD
:105DA000009CAC4201D901200AE00C7802F5106594
:105DB00005EB4414246804F00044B4F1004FEAD029
:105DC00035E00C7802F5306505EB4414246804F0E6
:105DD0000044B4F1004F2AD10C7805EB4414246838
:105DE00044F000660C7805EB441426600C7805EB53
:105DF0004414246844F080460C7805EB4414266073
:105E000000BF009C641C009442F21075009CAC42E0
:105E100001D901200AE00C7802F5306505EB441445
:105E2000246804F00044B4F1004FEAD000BF78BD0C
:105E30000146886840F0010088600020704708B57E
:105E400001460020009000BF0098401C0090009880
:105E5000B0F1706F01D9032008BD086900F000405F
:105E60000028F1D0002000901020086100BF0098A9
:105E7000401C00900098B0F1706F01D90320EBE74F
:105E8000086900F010001028F1D00020E4E708B500
:105E900002460020009000BF0098401C009000982F
:105EA000B0F1706F01D9032008BD106900F0004007
:105EB0000028F1D000200090202040EA81101061DD
:105EC00000BF0098401C00900098B0F1706F01D99D
:105ED0000320E9E7106900F020002028F1D000201D
:105EE000E2E710B501460B4640F60804E45804F01A
:105EF00006020AB9002006E0022A01D0062A01D1D2
:105F0000022000E00F2010BD0146486900F00100AA
:105F1000704701460B4640F61800C258001DC05895
:105F2000024090B2704701460B4640F61800C25836
:105F3000001DC0580240100C704770B50246134651
:105F40004FF40166F45840F63406F55801F00F0698
:105F500025FA06F606F0010644EAC61403F51066B3
:105F600006EB4116B66806EA040070BD10B502469D
:105F7000134603F5306404EB4114A06840F61404A2
:105F8000E458204010BD014648698A6910407047B6
:105F90002DE9F04104460D46274628464FEA920C6B
:105FA00002F0030300210AE04FF4805858F80780FC
:105FB000C0F80080401C401C401C401C491C61452E
:105FC000F2D39BB100214FF4805858F8076000BF0E
:105FD0004FEAC10826FA08F880F80080491C401CE6
:105FE000A3F101081FFA88F3002BF1D1BDE8F0817D
:105FF00070B504460E460025E06820F0C040E06021
:10600000012E10D1E06840F00050E06000BF0A208F
:10601000EFF760F90A352046FFF776FF012815D023
:10602000C82DF4D312E07EB9E06840F08040E06013
:1060300000BF0A20EFF74EF90A352046FFF764FF4C
:1060400020B1C82DF5D301E0012070BDC82D01D1CC
:106050000120FAE70020F8E710B502460B4611468A
:10606000D1F8000820F4FE60C1F80008D1F800085B
:106070004FF4FE6404EA03142043C1F80008002032
:1060800010BD02461346D3F800080843C3F80008C1
:106090000020704730B503461446022C49D12D48E4
:1060A000814204D32C48814201D20F2245E02A4884
:1060B000814204D32948814201D20E223DE0274883
:1060C000814204D32648814201D20D2235E0244882
:1060D000814204D32348814201D20C222DE0214881
:1060E000814204D32048814201D20B2225E01E4880
:1060F000814204D31D48814201D20A221DE01B487F
:10610000814204D31A48814201D2092215E018487D
:10611000814204D31748814201D208220DE015487C
:10612000814204D31448814201D2072205E00622AD
:1061300003E00CB9092200E00922D86820F470506D
:10614000D860D8684FF4705505EA82252843D86096
:10615000002030BDC0ACD800C0E1E4000024F40051
:1061600080730601A0491A01002D310140A44C01A1
:1061700000366E0120ABA6010048E8012DE9F0438E
:1061800004460D461E46DDF81CC0A0462946BCF15B
:10619000000F12D1F01C870800230CE0D1F800900A
:1061A00008F5805000EB0230C0F80090491C491CF3
:1061B000491C491C5B1CBB42F0D30020BDE8F083A6
:1061C00070B58AB004460D4616460195002002902F
:1061D00003900820049000200590069007900890F6
:1061E000099002F03BFB324601A92046EFF7DAF8AE
:1061F000C8B10F48844205D10E488088401C0D4923
:10620000888010E00C48844205D10A48C088401CB0
:106210000849C88007E00948844204D1054800893C
:10622000401C0449088102F0E3FD0AB070BD000083
:1062300074090024ECCE0124140A0024B40A0024BA
:106240002DE9FC478046894614461D46DDE90A676C
:10625000002000900190200A8DF80000E0B28DF837
:106260000100280A8DF80200E8B28DF80300300A18
:106270008DF80400F0B28DF80500380A8DF806009C
:10628000F8B28DF807006A4649464046FFF798FF86
:10629000BDE8FC8700BFFEE7014890ED1D0A70478E
:1062A00028F00124014890ED1E0A704728F00124CF
:1062B0000548D0ED050A9FED051A80EE810ADFED55
:1062C000040A20EE200A704728F00124DB0F494021
:1062D000000034430548D0ED060A9FED051A80EE14
:1062E000810ADFED040A20EE200A704728F001241D
:1062F000DB0F49400000344370B505460C460026CC
:106300000DB1022C01D8002070BDA11E09480288E1
:106310002846ECF7F1FE0646F1B2A01E285C814249
:1063200006D1601E285CB0EB162F01D10120EBE7EF
:106330000020E9E71806002470B505460C46002643
:106340000DB1022C01DC002070BD601E81B2FF2265
:106350002846ECF7EBFE0646601E285CB04201D1F1
:106360000120F1E70020EFE730B50346054C247823
:10637000601CC41700EB9474A410A0EB8404014DBE
:106380002C7030BD2402002470B504460D4604B9BB
:1063900070BD322D00D9FBE706E02078A52802D099
:1063A000641C6D1E00E001E0002DF6D100BF05B9B0
:1063B000EEE72078A52806D1302221460348EAF7E7
:1063C0004AF900F09BF800BFE2E7000071CD01241C
:1063D00010B500F00FF821210448EAF7F9FE04484F
:1063E000007810B100200249087010BD50CD012482
:1063F0001702002410B55A202A4908702A4800784C
:106400004870F6F76FFF274988702848D0F80300D6
:10641000C1F80300264890ED1C0ADFED260A80EE45
:10642000201A9FED250A21EE000A10EE100AC1F88D
:1064300007001F4890ED1D0ADFED1E0A80EE201AAE
:106440009FED1D0A21EE000A10EE100AC1F80B00A4
:1064500017484069C1F80F00154890ED1E0ADFED9E
:10646000150A80EE201A9FED140A21EE000A10EEA4
:10647000100AC1F813000E488069C1F81700F6F73A
:1064800015FF28B10D48C06A0649C1F81B0003E09A
:1064900000200449C1F81B0021210248EAF7A8FAAC
:1064A00010BD000050CD0124240200243206002437
:1064B00028F0012400003443DB0F4940A4CD01241F
:1064C00010B5012905D1042803D10123054C2370FF
:1064D00006E0012904D1082802D10223014C2370CF
:1064E00010BD00001702002410B55A2002490870A0
:1064F00000F02EF910BD000050CD012488484078EE
:10650000884908708648D0F8020048608448D0F86E
:10651000060088608248D0F80A00C8608048D0F839
:106520000E0008617E48D0F8120000EE100ADFED80
:106530007E0A80EE201A9FED7D0A21EE000A0846B1
:1065400080ED050A7648D0F8160088617448D0F8C6
:106550001A00C8617248D0F81E0000EE100ADFED84
:10656000720A80EE201A9FED710A21EE000A084699
:1065700080ED080A6A48D0F8220048626848D0F8DE
:10658000260088626648D0F82A00C862684890ED04
:10659000000ADFED650AB4EEE00AF1EE10FA07DD5D
:1065A00090ED000ADFED630A30EE600A80ED000A2C
:1065B0005F4890ED000ADFED600AB4EEE00AF1EE0C
:1065C00010FA07D290ED000ADFED5A0A30EE200AE9
:1065D00080ED000A5948407C01280DD1584890EDC3
:1065E000000AF6EE000AB4EEE00AF1EE10FA03DB60
:1065F0000120544981F81C02524890ED2D0A9FED6C
:106600004B1AC0EE010A474890ED040A9FED461A66
:1066100010EE810AB5EEC00AF1EE10FA0EDB494821
:1066200090ED2D0A9FED411AC0EE010A3D4890ED14
:10663000040A9FED3D1A10EE810A0FE0414890EDEB
:106640002D0A9FED3A1AC0EE010A364890ED040A71
:106650009FED351A10EE810AB1EE400A3148D0EDB7
:10666000020AB4EEE00AF1EE10FA3DD2354890EDA0
:10667000010A9FED2E1AC0EE010A2A4890ED030A86
:106680009FED291A10EE810AB5EEC00AF1EE10FA5C
:106690000EDB2C4890ED010A9FED241AC0EE010A92
:1066A000204890ED030A9FED201A10EE810A0FE0BA
:1066B000244890ED010A9FED1D1AC0EE010A194809
:1066C00090ED030A9FED181A10EE810AB1EE400A10
:1066D0001448D0ED010AB4EEE00AF1EE10FA03D24C
:1066E00001201949087002E0002017490870164877
:1066F0000078012813D1154890F8680401280ED1BC
:106700001248007903280AD010480079052806D0DD
:106710000C4890F81C02012801D10C4908717047FF
:1067200071CD0124A4CD0124DB0F49400000344386
:106730003C020024DB0FC940DB0F49C0E4DA01242E
:10674000F801002404BD01244802002460C701248C
:1067500010B50C4B02220021D001F9F769FD0A4B5C
:1067600002220021D002F9F763FD084B0222012129
:106770000420F9F75DFD054B022201210820F9F7FD
:1067800057FD10BD6963010891670108C1640108E4
:1067900030B50346054C2478601C00EBD0746410BF
:1067A000A0EB4404014D2C7030BD00001502002404
:1067B0004100080218BF04200A0E18BF40F0010073
:1067C0004FF07F4232EA010108BF40F00200012889
:1067D00008BF05207047000002480068C0F302208F
:1067E000704700000CED00E010B5002804DB0A073C
:1067F000130E054A135406E00A07140E034A00F06C
:106800000F031B1FD45410BD00E400E018ED00E09E
:1068100010B510EE104A4FF01A402DED028B00EB30
:106820004400B0F1C85F4AD84FF0FC40B0EB440FD1
:1068300022D2B0EEC00ADFED310A30EEC00ADFED41
:10684000300A20EE208A18EE100A01F05FFD00EEFB
:10685000100A14F0004F1DBF9FED2A1ADFED2A0A1F
:10686000B1EE400A9FED291A08BFF0EE410ADFEDB4
:10687000281A20EE210A05E020EE008A9FED251A55
:10688000DFED250ADFED251A9FED252A70EEC00AFF
:1068900020EE080A08EE212ADFED221A48EE021A3D
:1068A0009FED212A08EE212ADFED201A48EE021A78
:1068B000BDEC028B40EE610A30EE810A10BD4FF054
:1068C000CC40B0EB440F82BF9FED190ABDEC028BA8
:1068D00010BD4FF07F40B0EB440F05D2BDEC028BF2
:1068E000BDE8104000F00BBA0120E9F7CEFFBDEC87
:1068F000028BBDE8104000F009BA00000000803FA4
:106900000000003F0000494022AA7D3A000000003C
:10691000000000C00000C93F22AAFD3924FE1C3D32
:10692000C78AD83C1E67383D1B93993DAFAA2A3EC3
:10693000DB0FC93F10B54FF00E402DED028BB0EECE
:10694000408A18EE104A00EB4400B0F1506F4AD86C
:106950004FF0FC40B0EB440F22D2B0EEC80ADFED9E
:10696000360A30EEC00ADFED350A60EE208A18EEF6
:10697000900A01F0CBFC01EE100A14F0004F1DBF8D
:10698000DFED2F0A9FED2F0AB1EE411ADFED2E0A3F
:1069900008BF9FED2E0ADFED2E1A21EE218A05E0B9
:1069A000DFED2C0A68EE088AB0EE600A9FED2A1A25
:1069B000DFED2A1A30EE080A48EE811A9FED281AF8
:1069C00008EEA11ADFED271A48EE811A9FED261A6C
:1069D00008EEA11A68EE281ABDEC028B01EE810ABE
:1069E00030EE200A10BD4FF0E440B0EB440F0CD95C
:1069F00018EE100AFFF7DCFE042808BF00F08EF93D
:106A0000B0EE480ABDEC028B10BD4FF07F40B0EBFA
:106A1000440F07D2B0EE480ABDEC028BBDE810402F
:106A200000F06DB90120E9F730FFBDEC028BBDE845
:106A3000104000F06BB900000000803F0000003FF4
:106A40000000C9BF22AAFDB90000C93F22AAFD3932
:106A5000000000C00000000024FE1C3DC78AD83C96
:106A60001E67383D1B93993DAFAA2A3E10EE100ACF
:106A700010B510EE901A4FF0684202EB40032DED76
:106A8000028BB3F1654F3CBF02EB4102B2F1654F9F
:106A90007CD200BFC0F3C753C1F3C7529A1A1B2A56
:106AA00009DD10F0004F14BF9FED6E0A9FED6E0AD6
:106AB000BDEC028B10BD12F11A0F1BDA11F0004F62
:106AC00009D010F0004F0CBF9FED680A9FED680AD7
:106AD000BDEC028B10BD80EE208A18EE100AFFF785
:106AE00067FE042808BF00F019F9B0EE480ABDECB3
:106AF000028B10BD4200B2EB410F37D910F0004FAE
:106B000019BFDFED5C1A9FED5C1ADFED5C1A9FED9B
:106B10005C1AB0EE602A0A46F1EE400A80F00041AD
:106B2000B0EE420A10460A1A5200B2F1807F34D207
:106B3000484010F0004FDFED532A9FED533A1DBF40
:106B40009FED522A71EEE21A31EE431A9FED502A60
:106B500004BF71EEA21A31EE031AF0EE402A42EEA3
:106B6000602A40EE020A82EEA02A18E011F0004FDF
:106B700004BF9FED481AF0EE411AD4D010F0004F38
:106B80001CBFDFED451A9FED451A00E026E004BF6B
:106B9000DFED431A9FED431AC5E780EE202A22EE6F
:106BA000020ADFED410ADFED412ABDEC028B40EE27
:106BB000202ADFED3F0A40EE220ADFED3E2A40EEBA
:106BC000202ADFED3D0A40EE220A22EE000A00EE06
:106BD000201A31EE020A30EE210A10BD4FF07F423A
:106BE000B2EB400F28BFB2EB410F05D2BDEC028BD8
:106BF000BDE8104000F086B840EA01035B0008BF22
:106C000041F0FF410BD0B2EB400F08BFB2EB410F98
:106C100008D120F0804000EE100A21F0804100EE03
:106C2000901A37E7B2EB400F12BF5FEA410240F023
:106C3000FF4001F000413FF42DAF4A0092EA4003CB
:106C40003FF528AF002AACBF9FED1C1A9FED1C1A20
:106C500020EE010A60EE810A10EE100A10EE901A82
:106C600018E70000DB0FC9BFDB0FC93FDB0F49404E
:106C7000DB0F49C00000C9BF22AAFDB90000C93F0F
:106C800022AAFD390060ED3EC30ACE37000000BFE6
:106C90000000003F00000000000049C022AA7DBAA9
:106CA0000000494022AA7D3A2DAD65BD8FB8D53D83
:106CB0000FB511BE61C84C3EA8AAAABE0000804F05
:106CC0000000802F10B52DED028BB1EEC08A18EEBA
:106CD000100A20F00040C0F1FF40C00F0AD010EEB3
:106CE000100A20F00040C0F1FF40C00F04BF012097
:106CF000E9F7CBFDB0EE480ABDEC028B10BD30EEDB
:106D0000000A704730EE200A70470000DFED020AEB
:106D100080EEA00A70470000000000009FED020A0C
:106D200020EE000A70470000000000109FED1D1AC1
:106D3000F5EE000A40EE010ABDEEE00AF5EEC00AEB
:106D400010EE100AF1EE10FA00D2401E00EE100A0A
:106D5000B8EEC00A30EEC00ADFED130A20EE200ABA
:106D6000BCEEC01A11EE100A80B2B0F5007F02D35B
:106D700030EE600A00200D4900EE900AF7EE001A8E
:106D800001EB8000F8EE600A90ED011A70EE600AE7
:106D900090ED000A71EEE01A21EE800A00EE810A01
:106DA0007047000083F9223E00000044509901081A
:106DB00010B54C684368018840885268414308E038
:106DC000B3EC010A491EF4EC010A30EE200AA2ECF1
:106DD000010A0029F4D1002010BD018042804360E7
:106DE000704700002DE9F04F0588B0F802A09FED34
:106DF000AA0A4A684FF00009F7EE001A2B4612E083
:106E0000EC1AF0EE400A02E0641EE2EC010A002CEB
:106E1000FAD15C1EE2EC011A02E0641EE2EC010A07
:106E2000002CFAD15B1E002BEAD100276FF0040B77
:106E30000FE1B0F802C0914646683C463A460CFB6A
:106E4000077306EB8303D3ED000A7B1C12E00CFBF7
:106E50000378B0EEE02A06EB880898ED000AB0EE61
:106E6000C01AB4EEC21AF1EE10FA02DDF0EE400ADA
:106E70001C465B1CAB42EAD3F5EEC00AF1EE10FAF9
:106E800036D0BC4234D002FB0C73ACEB070804FBD9
:106E90000C7C06EB830306EB8C064FF0000C09E03C
:106EA00093ED000A96ED001A0CF1010CA3EC011A07
:106EB000A6EC010AC445F3DB4E88D1F804C0744344
:106EC00002FB06F30CEB84040CEB83034FF0000C85
:106ED00009E093ED000A94ED001A0CF1010CA3EC0B
:106EE000011AA4EC010AB445F3DB4FF001090AE0F2
:106EF000B9F1000F07D1F5EEC00AF1EE10FA02D198
:106F00005846BDE8F08F81EEA00A43884468DE1B36
:106F100002FB037304EB8303002406E0D3ED000AB5
:106F2000641C60EE800AE3EC010AB442F6DB4E8892
:106F30004B6802FB06F403EB8403002406E0D3ED68
:106F4000000A641C60EE800AE3EC010AB442F6DB3E
:106F500000233BE04688D0F804C0A6EB070806FBF8
:106F600003740CEB840494ED000A03FB06F456430F
:106F70000CEB840404EB87040CEB860606EB870C11
:106F8000002608E0BCEC011AD4ED000A761C40EEA5
:106F9000410AE4EC010A4645F4DBB1F802804E6890
:106FA00003FB08F402FB08FC06EB840406EB8C0CE4
:106FB000002608E0BCEC011AD4ED000A761C40EE75
:106FC000410AE4EC010A4645F4DB5B1C9342C1D361
:106FD000531C3BE04688D0F804C0A6EB070806FB2C
:106FE00003740CEB840494ED000A03FB06F456438F
:106FF0000CEB840404EB87040CEB860606EB870C91
:10700000002608E0BCEC011AD4ED000A761C40EE24
:10701000410AE4EC010A4645F4DBB1F802804E680F
:1070200003FB08F402FB08FC06EB840406EB8C0C63
:10703000002608E0BCEC011AD4ED000A761C40EEF4
:10704000410AE4EC010A4645F4DB5B1CAB42C1D3C8
:10705000571C4FF000025745FFF4EBAEB9F1000F9B
:1070600018D1B5EEC00AF1EE10FA13D105FB0AF5FE
:107070004168002009E001EB800393ED000AB5EEC2
:10708000C00AF1EE10FA02D1401C8542F3D88542C5
:1070900000D15A46104634E7000000002DE9F04FB9
:1070A00046688A46D1F804904FF0000C07884C8857
:1070B000B0F80280D2F804B0DFED131ADAF8040059
:1070C0000BEB8C0523463146B0EE610A424608E0E0
:1070D000F1EC010A90ED001A521E00EB840000EE64
:1070E000810A002AF4D15B1EA4EB0301A5EC010A7E
:1070F00009EB8100E7D17F1EA44406EB8806DDD1B1
:107100000020BDE8F08F00000000000010B54C68C2
:107110004368018840885268414308E0B3EC010AA3
:10712000491EF4EC010A30EE600AA2EC010A0029C3
:10713000F4D1002010BDF0B50588002442684788CE
:107140002B464E68384606EB840106E0B2EC010A95
:10715000401E81ED000A01EB85010028F6D15B1E7F
:1071600004F10104EED1F0BDDFED1C0A20EE200A8F
:10717000FDEEC00AB5EEC00A10EE900AF1EE10FA6C
:1071800000D2401E00EE900AF8EEE00A30EE600AEF
:10719000DFED130A20EE200ABCEEC01A11EE100A31
:1071A00080B2B0F5007F02D330EE600A00200D49B6
:1071B00000EE900AF7EE001A01EB8000F8EE600A8C
:1071C00090ED011A70EE600A90ED000A71EEE01A7F
:1071D00021EE800A00EE810A7047000083F9223E0A
:1071E000000000445099010810B5E9F723FC802005
:1071F000E9F7EAFD5520E9F7E7FD5520E9F7E4FD59
:1072000050490870E9F70CFC0120EEF763F8E9F744
:1072100011FC8020E9F7D8FD5520E9F7D5FD552070
:10722000E9F7D2FD47490870E9F7FAFB0120EEF7CC
:1072300051F8E9F7FFFBB6217E20E9F7D7FDE9F722
:10724000EFFB5020EEF746F8E9F7F4FB8020E9F772
:10725000BBFD5520E9F7B8FD5520E9F7B5FD3949E3
:107260000870E9F7DDFB0120EEF734F8E9F7E2FBFF
:107270008020E9F7A9FD5520E9F7A6FD5520E9F79B
:10728000A3FD30490870E9F7CBFB0120EEF722F8A7
:107290002C4800781E2801D0FF2010BD00202A496C
:1072A000087049E0E9F7C6FB274A127802EB420270
:1072B000264B1A445178244A127802EB4202985C19
:1072C000E9F794FDE9F7ACFB0120EEF703F8E9F7E5
:1072D000B1FB1D49097801EB41011C4A515C41F0A9
:1072E0008000E9F771FD5520E9F76EFD5520E9F7BB
:1072F0006BFD14490870E9F793FB0120EDF7EAFFF5
:107300001148007800EB40001049084440780D49CE
:10731000097888420BD00C48007800EB40000B49FC
:10732000084480780A4909780843094908700648E2
:107330000078401C04490870034800780628B1DB37
:107340000020AAE79406002495060024A006002445
:107350009606002410B5E9F781FB45490020E9F7BE
:1073600026FDE9F771FB0120EDF7B4FFE9F776FBA5
:107370003F490020E9F71BFDE9F766FB0120EDF727
:10738000A9FFE9F76BFBB6211420E9F72FFDE9F718
:107390005BFB5020EDF79EFFE9F760FB34490020CE
:1073A000E9F705FDE9F750FB0120EDF793FFE9F759
:1073B00055FB2F490020E9F7FAFCE9F745FB0120CE
:1073C000EDF788FF2A4800780F2801D0FF2010BD74
:1073D00000202849087045E0E9F740FB254A12786B
:1073E00002EB4202244B1A445178224A127802EBF3
:1073F0004202985CE9F7FAFCE9F726FB0120EDF779
:1074000069FFE9F72BFB1B49097801EB41011A4A97
:10741000505C1749E9F7CBFCE9F716FB0120EDF7C3
:1074200059FF1448007800EB4000134908444078A5
:107430000F490978884210D00E480078401E0D4947
:1074400008700846007800EB40000C49084480783A
:107450000B49097808430A49087006480078401C1F
:1074600004490870034800780628B5DB0020AEE721
:107470009406002495060024B2060024A0060024E9
:107480009606002410B58CB0044601A92046EEF7FC
:1074900087F8069828B12068806920F001002168EB
:1074A00088610CB010BDB0EE401A30EEC10AF0EEAB
:1074B000401A00EE100AB8EE400A20EE212A0122FE
:1074C0008A40521E00EE102AF8EEC02A82EE220AEE
:1074D00030EE010A70470000816900EE101A816ADF
:1074E00000EE901A20EE200AB5EEC00AF1EE10FA76
:1074F00065DD816900EE101AB5EEC00AF1EE10FAF2
:1075000003DD816900EE101A04E0816900EE101AB3
:10751000B1EE400A416D00EE901AB4EEE00AF1EED1
:1075200010FA00D87047016D00EE101A416D00EEA0
:10753000901A70EE200A816900EE101AB5EEC00AAA
:10754000F1EE10FA03DD816900EE101A04E08169A2
:1075500000EE101AB1EE400AF4EEC00AF1EE10FA95
:1075600028DB016D00EE901A816900EE101AB5EE6D
:10757000C00AF1EE10FA03DD816900EE101A04E092
:10758000816900EE101AB1EE400A70EEC00A416D3A
:1075900000EE101A30EE801A016D00EE101AC1EEE6
:1075A000000A016B00EE101A20EE800A10EE101A8D
:1075B000016304E09FED030A10EE101A016300BF9F
:1075C000B0E700000000000050F82C1F00EE101A79
:1075D000416E00EE901A60EE201A016B00EE101A58
:1075E000416E00EE901A30EE200A81EE801A016999
:1075F00000EE101A016B00EE901A60EE201A00EEF9
:10760000101A416E00EE901A30EE200AC1EE800A88
:1076100031EE200A10EE101A40F82C19704710B500
:107620000446D4F8940090BBB4F86000022817DD3B
:10763000206901EE100AB1EE411AF0EE410AD4F8C9
:10764000900000EE100A04F16200F7F7E3F9E06839
:1076500000EE900A20EE200A10EE100AE06257E0D9
:10766000606900EE100A206900EE900A70EE600A70
:10767000E06800EE100A20EE801AD4F8900000EEC8
:10768000100AC1EE000A10EE900AE06240E0FFE747
:10769000B4F8600002281EDD206901EE100AB1EE88
:1076A000411AF0EE410AD4F8900000EE100A04F1FD
:1076B0006200F7F7AFF9E06800EE900AD4F89400A2
:1076C000806801EE100A70EE810A20EE200A10EEAA
:1076D000100AE0621CE0E06800EE100AD4F89400A2
:1076E000806800EE900A30EE201A606900EE100A01
:1076F000206900EE900A30EE600A21EE001AD4F8FC
:10770000900000EE900A81EE200A10EE100AE0626E
:1077100010BD0000816A00EE101A016B00EE901A95
:1077200030EE200A334981ED000A416A00EE101A5A
:10773000816A00EE901A70EE200AC16A00EE101AFB
:1077400030EE800A2C4981ED000A91ED000AB5EE79
:10775000C00AF1EE10FA91ED000AD1ED000AF1EE47
:10776000600A70FE200A016C00EE101AF4EEC00AE6
:10777000F1EE10FA11DD816900EE101A816A00EE57
:10778000901A20EE200AB5EEC00AF1EE10FA04DDE0
:107790009FED1A0A10EE101A0163416C00EE101AE8
:1077A0001449D1ED000AB4EEE00AF1EE10FA06D267
:1077B0009FED120A10EE101A0163416C8162416C58
:1077C00000EE101AB1EE400A0A49D1ED000AB4EEFB
:1077D000E00AF1EE10FA0CDD9FED080A10EE101A27
:1077E0000163416C00EE101AB1EE400A10EE101A5F
:1077F00081627047F8050024F405002400000000B1
:1078000050F8341F00EE101AC16D00EE901A60EEB1
:10781000201A416A00EE101AC16D00EE901A30EE87
:10782000200A81EE801A416800EE101A416A00EECB
:10783000901A60EE201A00EE101AC16D00EE901A38
:1078400030EE200AC1EE800A31EE200A10EE101A46
:1078500040F834197047416B00EE101A016C00EECD
:10786000901AB4EEE00AF1EE10FA01DD016C41630A
:10787000416B00EE101A016C00EE901AF1EE600AF6
:10788000B4EEE00AF1EE10FA07D2016C00EE101A25
:10789000B1EE400A10EE101A4163704710B5416B0B
:1078A00000EE101A016C00EE901A9FED261A60EEA1
:1078B000810AB4EEE00AF1EE10FA0BD3016800EE93
:1078C000101AB0EEC00ADFED200AB4EEE00AF1EEC5
:1078D00010FA00D210BD016800EE101A016900EE26
:1078E000901A30EE600AF0EEC00A016800EE101A3D
:1078F000B0EEC00A80EE801A9FED140AB4EEC01AF2
:10790000F1EE10FA09DD50F8994F4168631C41F11E
:10791000000103604160993804E00022C0F899201A
:10792000C0F89D20D0F89940D0F89D304FF4FA72FD
:107930000021121B994102D20122A1210A5400BF49
:10794000C8E700006F12833A17B7D1383333733F5B
:10795000416A00EE101A016C00EE901AB4EEE00AD3
:10796000F1EE10FA01DD016C4162416A00EE101A7D
:10797000016C00EE901AF1EE600AB4EEE00AF1EE4E
:1079800010FA07D2016C00EE101AB1EE400A10EEA8
:10799000101A41627047D0F89410D1B9816900EE95
:1079A000101AC16900EE901A30EE200AB0EE001AEB
:1079B000C0EE010A816800EE101A60EE800AD0F86D
:1079C000901000EE101A20EE800A10EE101A0163DB
:1079D00020E0816900EE101AC16900EE901A30EEC5
:1079E000200AF0EE000A80EE201A816800EE101ADC
:1079F000D0F89410496800EE901A30EE200A61EE3B
:107A0000000AD0F8901000EE101A20EE800A10EE56
:107A1000101A01637047F0EE401AF4EEE01AF1EE2E
:107A200010FA02D2B0EE600A7047F4EEC11AF1EE1D
:107A300010FA02DDB0EE410AF6E7B0EE610AF3E7B4
:107A4000FDEEC00A0E48C0ED000AD0ED000AF8EEC7
:107A5000E00A70EE600A0B48C0ED000AD0ED000AA3
:107A6000B6EE001AF4EEC10AF1EE10FA04DD044895
:107A70000068401C02490860014800687047000027
:107A80009403002498030024014631EE602AF0EEAE
:107A9000421AB4EEE00AF1EE10FA02D2B0EE600A39
:107AA00006E0B4EEC10AF1EE10FA01DDB0EE410AD3
:107AB00070EE602A01208840401E02EE100AB8EEE7
:107AC000C22A22EE822AC2EE212ABCEEE22A12EE5D
:107AD000100A80B2704700BFEFF3058008B10120A3
:107AE00070470020FCE70000F0EE400AF6EE001AB6
:107AF00060EEA11AB0EE611AB0EE600A10EE100A44
:107B00000749A1EB600000EE100A21EE002AF7EE13
:107B1000081A42EE401A61EE801AB0EE610A704710
:107B2000865A375F10B504462078A52812D1052162
:107B30002046FEF701FC70B16078A17840EA012090
:107B40000649088004F10900098844182046FFF717
:107B5000E9FF00E010BD00BFFCE700007C06002448
:107B6000EEF74EFCF9F704FEF6F726FCF6F708FAF6
:107B7000F6F7A8FAF6F7A6FCF6F714FDF6F7B0FD4F
:107B8000F6F74EFDF6F71CFEF6F7CEFCF6F758FAC0
:107B9000F6F7DCFAF6F752FEF6F7DCFD4FF4F0707C
:107BA000EAF7AAFD00BF00210E48E9F79FF8002878
:107BB000F9D1F8F75FFEE9F75DFAF8F769F8F5F73C
:107BC00031F9E9F75BFEEBF7DDFAE9F719F9EAF7C6
:107BD00079FEF6F771FEF6F7FBFA00F018F800BF31
:107BE000FEE70000540B002401460020842901D048
:107BF000CA1C1044704770B5044625460DB129468D
:107C000000E00121084600F0E1FC002070BD10B545
:107C100000F052FD002010BD7FB504460D4660699E
:107C200098B1A06988B1B4F90800FFF7DDFF0646F6
:107C3000D4E90510CDE9006102902B462269D4E910
:107C4000001000F03FFF039013E0B4F90800FFF7C5
:107C5000CBFF064603A8CDE90060238A9AB22B46E3
:107C6000D4E9001000F0FCFE012802D0002004B08E
:107C700070BD0398FBE7000010B50446FFF72BFF2B
:107C800060B1204601F036F901280AD10007064903
:107C90000860BFF34F8FBFF36F8F02E0204600F004
:107CA000C3FC002010BD000004ED00E02DE9F04110
:107CB00005460E461F48076800201F49096881F8DD
:107CC00052001D480068001D00F03FFB50B91A48E3
:107CD000006890F82C1001208840184909688143F9
:107CE00016480160681C38B936B113480168091D8F
:107CF000134800F075FB1AE07C190F4800684460D7
:107D0000BC4207D20C480168091D0E48006800F00B
:107D10004DFB0CE008480168091D0B48006800F0A5
:107D200045FB0A480068844201D208480460BDE867
:107D3000F0810000E4000024D0000024E8000024CA
:107D4000D82F0024D8000024D400002400010024EF
:107D500010B5044600F050FB23480068401C22493F
:107D600008602248006840B920480460084600685E
:107D700001280DD100F040F90AE01D48006838B92B
:107D80001A480068C06AE16A884201D8174804604E
:107D900018480068401C1749086094F82C1001200E
:107DA000884015490968084313490860E16A01EBF6
:107DB0008101124A02EB8100211D00F011FB00F04D
:107DC00045FB0B48006868B108480068C06AE16A72
:107DD000884207D24FF0805009490860BFF34F8FA7
:107DE000BFF36F8F10BD0000E0000024D00000241E
:107DF000EC000024FC000024E8000024FC2E0024F9
:107E000004ED00E010B516E000F0F6FA0C48C0688A
:107E1000C468201D00F099FA0A480068401E09490C
:107E2000086009480068401E0749086000F00EFB22
:107E3000204600F00BF8044800680028E4D110BD8B
:107E4000C42F0024E0000024DC00002410B5044608
:107E500094F8510030B9206B00F016FB204600F07A
:107E600013FB1AE094F85100012803D1204600F0DA
:107E70000BFB12E094F85100022801D1012000E030
:107E8000002050B900BF502080F31188BFF34F8FFE
:107E9000BFF36F8F00BF00BFFEE710BD30B5174BBB
:107EA000174800F007042CB1C01D20F00700144C47
:107EB000041B1B1B0246134C22600024114D6C60F6
:107EC000D018083820F007000F4C206000240E4D19
:107ED0002D686C600C4D2D682C601146441A4C6066
:107EE000094C24680C60094D4C682C60084D4C68A6
:107EF0002C604FF00044074D2C6030BDA08601007F
:107F0000EC2F00240C010024140100241C01002487
:107F1000180100242801002400BFFFF773FF064862
:107F200000680128F9D94FF0805004490860BFF378
:107F30004F8FBFF36F8FF0E7FC2E002404ED00E0BD
:107F40002DE9FF5F81460E469246DDE90E7B109CCF
:107F5000AAF10100216B01EB800828F0070808F066
:107F6000070008B9012000E0002050B900BF5020F0
:107F700080F31188BFF34F8FBFF36F8F00BF00BF37
:107F8000FEE786B1002507E0715D04F1340041553C
:107F9000705D00B902E06D1C102DF5D300BF00210B
:107FA0004320015502E0002084F83400072F00D35D
:107FB0000627E76267640020A064201D00F0F3F943
:107FC00004F1180000F0EFF92461C7F10700A06187
:107FD00064620020E06484F8500084F8520049464E
:107FE0004046039A00F07CF92060BBF1000F01D0FD
:107FF000CBF80040BDE8FF9F10B5002407E004EB7C
:1080000084010F4A02EB810000F0C0F9641C072CC8
:10801000F5D30C4800F0BAF90B4800F0B7F90B485B
:1080200000F0B4F90A4800F0B1F90A4800F0AEF9DE
:1080300004480949086004480849086010BD000068
:10804000FC2E0024882F00249C2F0024B02F002415
:10805000C42F0024D82F0024D4000024D8000024EA
:1080600010B50146164800E0006803688B42FBD358
:108070000246436813448B4204D143684C6823444E
:10808000436001460A464B6813440468A34211D179
:108090000C4C03682468A34208D04B6804686468E9
:1080A00023444B6003681B680B6005E0054B1B68AD
:1080B0000B6001E003680B60884200D0016010BDD6
:1080C0000C010024140100240A490968096809B94F
:1080D000012100E0002121B14FF0FF31064A11607B
:1080E00006E004490968C968C868034A4168116024
:1080F00070470000D4000024000100240E480068EE
:10810000401C08B9012000E0002050B900BF5020F9
:1081100080F31188BFF34F8FBFF36F8F00BF00BF95
:10812000FEE700BF502080F31188BFF34F8FBFF3ED
:108130006F8F00BF00BFFEE72C01002410B5024680
:108140000020114652B900BF502383F31188BFF3BA
:108150004F8FBFF36F8F00BF00BFFEE70B4C4B6923
:10816000A34201D1012300E0002373B1084C8B6AC4
:10817000A34201D1012300E0002333B98B6A0BB97C
:10818000012300E0002303B1012010BDD82F0024FB
:10819000B02F00242DE9F04104464FF0000800F014
:1081A0005DFB4948006808B9FFF778FE474800685A
:1081B0002040002870D1D4B1083404F00700B0B1D9
:1081C00004F00700C0F10800044404F0070008B9F7
:1081D000012000E0002050B900BF502080F311883A
:1081E000BFF34F8FBFF36F8F00BF00BFFEE7002CC0
:1081F00052D03748006884424ED8364E3046056823
:1082000001E02E462D686868A04202D22868002846
:10821000F7D12D48006885423ED0306800F108084B
:10822000286830606868001B102819D92F1907F0DA
:10823000070008B9012000E0002050B900BF50201D
:1082400080F31188BFF34F8FBFF36F8F00BF00BF64
:10825000FEE76868001B78606C603846FFF700FF37
:108260001B4968680968081A1949086008460068C7
:1082700019490968884203D2154800681649086000
:10828000124968680968084368600020286013483C
:108290000068401C1149086000F0AAFD08F00700C2
:1082A00008B9012000E0002050B900BF502080F341
:1082B0001188BFF34F8FBFF36F8F00BF00BFFEE782
:1082C0004046BDE8F081000014010024280100248C
:1082D000180100240C0100241C01002420010024AA
:1082E000001F4FF080730360001F21F00103036043
:1082F000001F054B036014380260001F6FF002037B
:108300000360203870470000FD80010810B500EEC2
:10831000100A2DED028BB1EEC08A18EE100A20F083
:108320000040C0F1FF40C00F0AD010EE100A20F04C
:108330000040C0F1FF40C00F04BF0120E8F7A5FADC
:1083400018EE100ABDEC028B10BD01460A69D1E996
:1083500001309860D1E9010358605068884201D12A
:1083600088685060002008611068401E1060106826
:1083700070470000034B0360034B0B6080231360C6
:1083800070470000200700247407002400F1080152
:1083900041604FF0FF31816000F10801C16001616F
:1083A00000210160704700210161704710B502464D
:1083B0000B685C1C0CB9106907E002F1080000E0D2
:1083C0004068446824689C42FAD944684C604C6810
:1083D000A160886041600A611468641C146010BD6B
:1083E00042684A6093688B60936859609160086145
:1083F00003685B1C0360704700BF502080F3118846
:10840000BFF34F8FBFF36F8F00BF0E480068401C53
:108410000C49086008460068012812D10A48006823
:10842000C0B208B9012000E0002050B900BF5020C0
:1084300080F31188BFF34F8FBFF36F8F00BF00BF72
:10844000FEE770472C01002404ED00E00D480068B1
:1084500050B900BF502080F31188BFF34F8FBFF396
:108460006F8F00BF00BFFEE706480068401E054949
:1084700008600846006820B9002080F3118800BF1A
:1084800000BF70472C01002470B506463546002E0B
:1084900044D0083D2C46224960680968084008B16C
:1084A000012000E0002050B900BF502080F3118867
:1084B000BFF34F8FBFF36F8F00BF00BFFEE7206891
:1084C00008B9012000E0002050B900BF502080F31F
:1084D0001188BFF34F8FBFF36F8F00BF00BFFEE760
:1084E0000F49606809680840C0B12068B0B90C49FC
:1084F000606809688843606000F0B0F90949606805
:1085000009680844074908602046FFF7A9FD0648A6
:108510000068401C0449086000F06AFC70BD00005F
:1085200028010024180100242401002400204FF019
:10853000E02108618861064800684FF47A71B0FB59
:10854000F1F0401E4FF0E0214861072008617047BC
:10855000C800002470B5E7F789FF0446102C16D335
:1085600004F1E02090F8F05315480078854201DBD3
:10857000012000E0002050B900BF502080F3118896
:10858000BFF34F8FBFF36F8F00BF00BFFEE70D48F3
:10859000006800F4E0600C490968884201D80120B5
:1085A00000E0002050B900BF502080F31188BFF3D5
:1085B0004F8FBFF36F8F00BF00BFFEE770BD00009D
:1085C000300100240CED00E03401002470B50446B5
:1085D0000025D4B11248006808B9012000E000204D
:1085E00050B900BF502080F31188BFF34F8FBFF305
:1085F0006F8F00BF00BFFEE700F030F9002120467A
:10860000FFF754FB00F0F4FB05463DB94FF08050F6
:1086100004490860BFF34F8FBFF36F8F70BD000038
:108620000801002404ED00E070B505462C4655B95C
:1086300000BF502080F31188BFF34F8FBFF36F8FBF
:1086400000BF00BFFEE71848006884422BD054B337
:10865000FFF7D2FE2046FFF771FD10B3201DFFF794
:1086600074FE94F82C1001208840104909680843D2
:108670000E490860E16A01EB81010D4A02EB8100BD
:10868000211DFFF7ADFE0849E06A0968C96A884202
:1086900007D34FF0805007490860BFF34F8FBFF3F7
:1086A0006F8FFFF7D3FE70BDD0000024E8000024D8
:1086B000FC2E002404ED00E010B586B000200590EB
:1086C000049003AA04A905A8FFF754FE0022DDE9DF
:1086D00004101346CDE9002102901CA11D48039A05
:1086E00000F0F0F91C4908600846006808B1012450
:1086F00000E00024012C15D100BF502080F3118828
:10870000BFF34F8FBFF36F8F00BF4FF0FF301349A0
:10871000086001201249086000201249086000F03A
:10872000EBF810E0601C08B1012000E0002050B917
:1087300000BF502080F31188BFF34F8FBFF36F8FBE
:1087400000BF00BFFEE706B010BD000049444C4525
:1087500000000000197F010804010024000100242A
:10876000EC000024E400002470B50546FFF744FE49
:1087700015B93248006800E028460446201DFFF77E
:10878000E4FD78B9E06A00EB80002D4951F8200043
:1087900040B994F82C10012088402A490968814387
:1087A00028480160A06A18B104F11800FFF7CDFD58
:1087B000211D2548FFF714FE94F85000012802D12E
:1087C000002084F85000FFF741FE2048006828B1DF
:1087D000FFF712FEFFF778FCFFF738FE1748006836
:1087E000844229D119480068D0B11948006808B9F5
:1087F000012000E0002050B900BF502080F3118814
:10880000BFF34F8FBFF36F8F00BF00BFFEE74FF086
:10881000805010490860BFF34F8FBFF36F8F0BE09C
:10882000094800680C490968884203D100200349BF
:10883000086001E000F01AF870BD0000D0000024CC
:10884000FC2E0024E8000024D82F0024EC00002493
:108850000801002404ED00E0E00000240248006864
:10886000401C014908607047080100241D48006849
:1088700018B101201C49086032E000201A49086044
:108880001A480068B0FA80F0C0F11F0101EB8100C6
:10889000174A52F8200008B1012000E0002050B92A
:1088A00000BF502080F31188BFF34F8FBFF36F8F4D
:1088B00000BF00BFFEE701EB81020D4B03EB82001E
:1088C00042685268426000F108024368934202D154
:1088D0004268526842604268D268064B1A6000BF24
:1088E0007047000008010024F4000024E800002480
:1088F000FC2E0024D00000241CB5524800685249C8
:10890000884201D0012000E0002050B900BF502073
:1089100080F31188BFF34F8FBFF36F8F00BF00BF8D
:10892000FEE7484800684849491E884201D00120B6
:1089300000E0002050B900BF502080F31188BFF341
:108940004F8FBFF36F8F00BF00BFFEE73F49084660
:1089500000780190FF200A461070084600780090C9
:108960009DF8000000F0F0009DF80020904201D139
:10897000012000E0002050B900BF502080F3118892
:10898000BFF34F8FBFF36F8F00BF00BFFEE79DF8AF
:10899000000000F050002E4A107007202D4A106091
:1089A00009E02C480068401E2A4A10609DF800002B
:1089B0004006000E00909DF8000000F08000802826
:1089C000EFD024480068C0F10700042801D101203D
:1089D00000E0002050B900BF502080F31188BFF3A1
:1089E0004F8FBFF36F8F00BF00BFFEE719480068CD
:1089F0000002184A10601046008800F4E060106021
:108A0000124A019810700F482030006840F470003E
:108A10000C49203108600846006840F0704008604A
:108A2000FFF784FD00200C490860E7F7E7FC0B48DE
:108A3000006840F0404009490860E7F7CBFC00209F
:108A40001CBD000000ED00E071C20F4100E400E039
:108A500030010024340100242C01002434EF00E014
:108A60002DE9FF4F85B0804689461746DDE912ABF8
:108A7000B800FFF78FFB064656B15420FFF78AFB7C
:108A800004460CB1266304E03046FFF7FDFC00E02D
:108A900000248CB1002084F85100CDE900ABCDE971
:108AA00002403A4649464046089BFFF749FA2046AD
:108AB000FFF74EF9012501E04FF0FF35284609B0D8
:108AC000BDE8F08F2DE9F04F85B007468846914606
:108AD0009A46DDE90EB6109C0EB1012000E00020A0
:108AE00050B900BF502080F31188BFF34F8FBFF300
:108AF0006F8F00BF00BFFEE70CB1012000E0002037
:108B000050B900BF502080F31188BFF34F8FBFF3DF
:108B10006F8F00BF00BFFEE75420039003985428D6
:108B200001D1012000E0002050B900BF502080F3A7
:108B30001188BFF34F8FBFF36F8F00BF00BFFEE7F9
:108B400000BFB4B1AEB125462C462E63022085F895
:108B50005100002004A953464A46CDE900B1CDE9B1
:108B6000025041463846FFF7EBF92846FFF7F0F888
:108B700001E000200490049805B0BDE8F08F0000EB
:108B80002DE9F04706460D46174698464FF0010A74
:108B900056B900BF502080F31188BFF34F8FBFF349
:108BA0006F8F00BF00BFFEE73446FFF725FCB8F12A
:108BB000000F02D0E06CC8F8000094F8509002203A
:108BC00084F85000052F17D2DFE807F01503070BD4
:108BD0000D00E06C2843E06421E0E06C401CE064A0
:108BE0001DE0E5641BE0B9F1020F01D0E56401E08E
:108BF0004FF0000A13E012E0E06C401C08B90120BD
:108C000000E0002050B900BF502080F31188BFF36E
:108C10004F8FBFF36F8F00BF00BFFEE700BF00BFE5
:108C2000B9F1010F33D1201DFFF78FFB94F82C1001
:108C30000120884018490968084317490860E16A1B
:108C400001EB8101154A02EB8100211DFFF7C8FBF2
:108C5000A06A08B9012000E0002050B900BF5020F0
:108C600080F31188BFF34F8FBFF36F8F00BF00BF3A
:108C7000FEE70B49E06A0968C96A884207D94FF0E4
:108C8000805008490860BFF34F8FBFF36F8FFFF725
:108C9000DDFB5046BDE8F087E8000024FC2E0024F0
:108CA000D000002404ED00E02DE9F0414FF0000871
:108CB0004448006800287CD143480068451C42486D
:108CC000056015BB41480068006808B9012000E054
:108CD000002050B900BF502080F31188BFF34F8FA0
:108CE000BFF36F8F00BF00BFFEE738480768384802
:108CF0000068364908603648076036480068401CFE
:108D000034490860FFF7E0F900BF33480068854246
:108D10003CD300BF2D480068006808B9012000E07E
:108D2000002020B14FF0FF302B4908602DE027488C
:108D30000068C068C4686668B54202D2264806600A
:108D400023E0201DFFF701FBA06A18B104F1180011
:108D5000FFF7FBFA94F82C10012088401F4909689E
:108D600008431E490860E16A01EB81011C4A02EBDD
:108D70008100211DFFF734FB1A49E06A0968C96ABE
:108D80008842C7D34FF00108C4E700BF1548006808
:108D9000C06A00EB8000124951F82000012801D977
:108DA0004FF001081048006808B14FF0010805E0D5
:108DB000FFE70E480068401C0C4908604046BDE8CB
:108DC000F081000008010024E4000024D400002405
:108DD000D8000024F800002400010024E80000244A
:108DE000FC2E0024D0000024F4000024F000002415
:108DF00070B5002400263648006850B900BF5020E6
:108E000080F31188BFF34F8FBFF36F8F00BF00BF98
:108E1000FEE7FFF7F1FA2E480068401E2C49086073
:108E20000846006800284FD12A48006800284BD027
:108E300024E02948C068C46804F11800FFF785FAE7
:108E4000201DFFF782FA94F82C1001208840234956
:108E50000968084321490860E16A01EB8101204A61
:108E600002EB8100211DFFF7BBFA1E49E06A096889
:108E7000C96A884202D301201B490860164800686D
:108E800008B9012000E000200028D2D00CB1FFF783
:108E90001BF91648056865B100BFFFF705FF10B163
:108EA0000120114908606D1E002DF6D100200F49E8
:108EB00008600D48006838B1012630070C49086089
:108EC000BFF34F8FBFF36F8FFFF7C0FA304670BD0F
:108ED00008010024E0000024B02F0024E800002452
:108EE000FC2E0024D0000024F4000024F000002414
:108EF00004ED00E02DE9F04106460027344656B95E
:108F000000BF502080F31188BFF34F8FBFF36F8FE6
:108F100000BF00BFFEE7FFF71DFB00BF5021EFF3CE
:108F2000118081F31188BFF34F8FBFF36F8F00BFA4
:108F300005462046FFF702F920B316480068E0B95D
:108F40001549E06A0968C96A884200D30127201DD3
:108F5000FFF7FBF994F82C10012088400F490968AD
:108F600008430E490860E16A01EB81010C4A02EBFB
:108F70008100211DFFF734FA04E004F118010948CB
:108F8000FFF72EFA00BF85F3118800BF3846BDE811
:108F9000F081000008010024D0000024E800002433
:108FA000FC2E0024B02F00244FF04070E1EE100A98
:108FB000704700000CA201083117010800000000F2
:108FC0000000000000080000000000000000000099
:108FD00070A10108A3ED00080100000000000000DE
:108FE00000040000000000000000000060A1010873
:108FF000D1ED0008FFFF000000000000800000002D
:109000000000000000000000E8A101081DEE0008BB
:10901000000000000000000000020000000000004E
:1090200000000000F4A101089DEC00080000000011
:10903000000000000004000000000000000000002C
:1090400078A1010855EE00080100000000000000B2
:10905000000100000000000000000000DCA1010889
:10906000CDEC000803000000000000000004000038
:1090700000000000000000008CA101088DED000838
:1090800000000000000000000002000000000000DE
:1090900000000000D0A10108C9EF00080000000096
:1090A00000000000000200000000000000000000BE
:1090B00098A1010829F0000800000000000000004D
:1090C00000040000000000000000000080A1010872
:1090D000B7ED0008000000000000000000040000E0
:1090E000000000000000000000A20108B7EC00082A
:1090F00000000000000000008000000000000000F0
:1091000000000000C4A101085DEC000800000000A0
:1091100000000000800000000000000000000000CF
:10912000B4A1010801F000080000000000000000E8
:10913000000100000000000000000000A4A10108E0
:10914000BDEF0008FFFF000000000000000200006B
:10915000000000000000000068A101081DF00008E8
:1091600000000000000000000008000000000000F7
:109170000000000054A1010881EC0008000000007C
:10918000000000008000000000000000000000005F
:10919000000610160006101600010203040506075B
:1091A000080C1014182030400000000000000000DF
:1091B00000000000000000000000000001000000AE
:1091C0000200000003000000040000000000000096
:1091D000050000000000000000000000000000008A
:1091E0000600000000000000000000000000000079
:1091F00007000000010002000400060008000A0049
:109200000C0010002000400080000001010101035B
:109210000701000008040204080101010000000029
:1092200001020304010203040607080977079600F8
:10923000770796007707960077079600ED0596006A
:10924000FC049600BC039600000058020000803F1A
:10925000000000000000000000000000000000000E
:1092600000000000000000000000803F000000003F
:1092700000000000000000000000000000000000EE
:10928000000000000000803F00000000000000001F
:1092900000000000000000000000000000000000CE
:1092A0000000803F000000000000000000000000FF
:1092B0000000000000000000000000000000803FEF
:1092C000000000000000000000000000000000009E
:1092D00000000000000000000000803FFF005EBCB6
:1092E000E2613FDD83C29C7E20A3FD1F419DC3211F
:1092F0007FFCA2401E5F01E3BD3E6082DC237D9FB8
:10930000C1421CFEA0E1BF5D0380DE3C62BEE00204
:109310005CDF81633D7C22C09E1D43A1FF4618FA9D
:10932000A427799BC584DA3866E5BB5907DB8567D6
:1093300039BAE406581947A5FB7826C49A653BD983
:1093400087045AB8E6A7F91B45C6987A24F8A644BC
:109350001A99C7257B3A6486D85B05E7B98CD23069
:109360006EEDB3510F4E10F2AC2F7193CD114FAD86
:10937000F3702ECC92D38D6F31B2EC0E50AFF1134F
:109380004DCE90722C6D33D18F0C52B0EE326C8E6C
:10939000D0530DEFB1F0AE4C1291CF2D73CA94762D
:1093A00028ABF517490856B4EA6937D58B5709EB4E
:1093B000B536688AD495CB2977F4AA4816E9B7550B
:1093C0000B88D6346A2B7597C94A14F6A8742AC834
:1093D00096154BA9F7B6E80A54D7896B35000000FB
:1093E000891112239B322446AD573665BF74488CD1
:1093F000C19D5AAFD3BE6CCAE5DB7EE9F7F8811098
:10940000080193331A22A5562C47B7753E64C99CB0
:10941000408DDBBF52AEEDDA64CBFFF976E8022176
:109420008B30100299132667AF763444BD554AAD90
:10943000C3BC588ED19F6EEBE7FA7CC8F5D9833157
:109440000A2091121803A7772E66B5543C45CBBD70
:1094500042ACD99E508FEFFB66EAFDD874C9044236
:109460008D5316619F702004A9153227BB364CCE50
:10947000C5DF5EEDD7FC6888E1997AABF3BA855217
:109480000C4397711E60A1142805B3373A26CDDE30
:1094900044CFDFFD56ECE9986089FBBB72AA0663F6
:1094A0008F7214409D512225AB343006B9174EEF10
:1094B000C7FE5CCCD5DD6AA9E3B8788AF19B8773D7
:1094C0000E6295501C41A3352A24B1163807CFFFF0
:1094D00046EEDDDC54CDEBB962A8F99A708B0884B6
:1094E00081951AA793B62CC2A5D33EE1B7F04008E8
:1094F000C919522BDB3A644EED5F766DFF7C89947F
:1095000000859BB712A6ADD224C3BFF136E0C118C7
:109510004809D33B5A2AE55E6C4FF77D7E6C0AA55D
:1095200083B4188691972EE3A7F23CC0B5D14229A7
:10953000CB38500AD91B666FEF7E744CFD5D8BB53E
:1095400002A499961087AFF326E2BDD034C1C33987
:109550004A28D11A580BE77F6E6EF55C7C4D0CC61D
:1095600085D71EE597F42880A1913AA3B3B2444A67
:10957000CD5B5669DF78600CE91D722FFB3E8DD6FE
:1095800004C79FF516E4A9902081BBB332A2C55A47
:109590004C4BD7795E68E11C680DF33F7A2E0EE7DD
:1095A00087F61CC495D52AA1A3B03882B193466B27
:1095B000CF7A5448DD59622DEB3C700EF91F8FF7BE
:1095C00006E69DD414C5ABB122A0B9923083C77B07
:1095D0004E6AD5585C49E33D6A2CF11E780F0000B5
:1095E000000000000000000000000000000000007B
:1095F000000000000000000000000000000000006B
:10960000000000000000000000000000000000005A
:10961000000000000000000000000000000000004A
:10962000000000000000000000000000000000003A
:10963000000000000000000000000000000000002A
:10964000000000000000000000000000000000001A
:10965000000000000000000000000000000000000A
:1096600000000000000000000000000000000000FA
:1096700000000000000000000000000000000000EA
:10968000C700C700C700C700C700C700C700C700A2
:1096900063006300630063006300630063006300B2
:1096A00063006300630063006300630063006300A2
:1096B00000000000000000000000000000000000AA
:1096C000000000000000000000000000000000009A
:1096D000000000000000000000000000000000008A
:1096E000000000000000000000000000000000007A
:1096F000000000000000000000000000000000006A
:109700000000000000000000000000000000000059
:109710000000000000000000000000000000000049
:109720000000000000000000000000000000000039
:109730000000000000000000000000000000000029
:109740000000000000000000000000000000000019
:1097500063006300630063006300630063006300F1
:1097600063006300630063006300630063006300E1
:1097700063006300630063006300630063006300D1
:1097800000000000000000000000000000000000D9
:1097900000000000000000000000000000000000C9
:1097A00000000000000000000000000000000000B9
:1097B00000000000000000000000000000000000A9
:1097C0000000000000000000000000000000000099
:1097D0000000000000000000000000000000000089
:1097E0000000000000000000000000000000000079
:1097F0000000000000000000000000000000000069
:109800000000000000000000000000000000000058
:109810000000000000000000000000000000000048
:109820006300630063006300630063006300630020
:10983000C700C700C700C700C700C700C700C700F0
:109840006300630063006300630063006300630000
:109850000000000000000000000000000000000008
:1098600000000000000000000000000000000000F8
:1098700000000000000000000000000000000000E8
:1098800000000000000000000000000000000000D8
:1098900000000000000000000000000000000000C8
:1098A00000000000000000000000000000000000B8
:1098B00000000000000000000000000000000000A8
:1098C0000000000000000000000000000000000098
:1098D0000000000000000000000000000000000088
:1098E0000000000000000000000000000000000078
:1098F0006300630063006300630063006300630050
:10990000630063006300630063006300630063003F
:10991000630063006300630063006300630063002F
:109920000000803F00000000000000000000000078
:109930000000803F00000000000000000000000068
:109940000000803F0000000000000000C3F51C4143
:1099500000000000920E493CB10AC93C2BC3163DE1
:109960002EFB483D752B7B3D04A9963D80B6AF3D4F
:1099700036BDC83D2FBCE13D73B2FA3D87CF093EED
:109980008340163EB5AB223EA2102F3ECF6E3B3E2B
:10999000C2C5473E0115543E135C603E7F9A6C3E43
:1099A000CCCF783EC07D823E938E883E229A8E3EFA
:1099B00032A0943E86A09A3EE59AA03E128FA63E23
:1099C000D47CAC3EEF63B23E2A44B83E491DBE3E55
:1099D00015EFC33E53B9C93ECA7BCF3E4136D53E93
:1099E00080E8DA3E4F92E03E7533E63EBBCBEB3E7D
:1099F000EA5AF13ECBE0F63E275DFC3EE4E7003F4D
:109A00003D9C033F824B063F9BF5083F6B9A0B3F03
:109A1000DA390E3FCDD3103F2A68133FD9F6153FF0
:109A2000C07F183FC6021B3FD17F1D3FCBF61F3FB3
:109A30009967223F25D2243F5636273F1594293F68
:109A40004AEB2B3FDE3B2E3FBB85303FC9C8323F40
:109A5000F304353F233A373F4268393F3B8F3B3F62
:109A6000F9AE3D3F67C73F3F70D8413F01E2433FFA
:109A700003E4453F65DE473F12D1493FF8BB4B3F0A
:109A8000029F4D3F207A4F3F3D4D513F4918533F74
:109A900031DB543FE595563F5348583F6AF2593FF2
:109AA0001A945B3F532D5D3F05BE5E3F2146603FEC
:109AB00097C5613F5A3C633F59AA643F880F663F90
:109AC000D86B673F3CBF683FA7096A3F0C4B6B3FB1
:109AD0005E836C3F93B26D3F9ED86E3F73F56F3FD0
:109AE0000809713F5213723F4714733FDD0B743FF7
:109AF0000BFA743FC6DE753F07BA763FC58B773FDA
:109B0000F853783F9812793F9DC7793F02737A3FA7
:109B1000BE147B3FCDAC7B3F283B7C3FC9BF7C3F25
:109B2000AC3A7D3FCCAB7D3F23137E3FB0707E3F90
:109B30006DC47E3F580E7F3F6D4E7F3FAB847F3FAD
:109B40000FB17F3F97D37F3F43EC7F3F11FB7F3FB8
:109B50000000803F11FB7F3F43EC7F3F97D37F3F67
:109B60000FB17F3FAB847F3F6D4E7F3F580E7F3FED
:109B70006DC47E3FB0707E3F23137E3FCCAB7D3FF4
:109B8000AC3A7D3FC9BF7C3F283B7C3FCDAC7B3F9F
:109B9000BE147B3F02737A3F9DC7793F9812793F8D
:109BA000F853783FC58B773F07BA763FC6DE753FDF
:109BB0000BFA743FDD0B743F4714733F5213723F2F
:109BC0000809713F73F56F3F9ED86E3F93B26D3FAA
:109BD0005E836C3F0C4B6B3FA7096A3F3CBF683FFD
:109BE000D86B673F880F663F59AA643F5A3C633F72
:109BF00097C5613F2146603F05BE5E3F532D5D3FE7
:109C00001A945B3F6AF2593F5348583FE595563FD7
:109C100031DB543F4918533F3D4D513F207A4F3F70
:109C2000029F4D3FF8BB4B3F12D1493F65DE473F96
:109C300003E4453F01E2433F70D8413F67C73F3FE0
:109C4000F9AE3D3F3B8F3B3F4268393F233A373FB8
:109C5000F304353FC9C8323FBB85303FDE3B2E3F62
:109C60004AEB2B3F1594293F5636273F25D2243FF8
:109C70009967223FCBF61F3FD17F1D3FC6021B3F96
:109C8000C07F183FD9F6153F2A68133FCDD3103F48
:109C9000DA390E3F6B9A0B3F9BF5083F824B063F2C
:109CA0003D9C033FE4E7003F275DFC3ECBE0F63EF2
:109CB000EA5AF13EBBCBEB3E7533E63E4F92E03EB7
:109CC00080E8DA3E4136D53ECA7BCF3E53B9C93E25
:109CD00015EFC33E491DBE3E2A44B83EEF63B23E77
:109CE000D47CAC3E128FA63EE59AA03E86A09A3E5A
:109CF00032A0943E229A8E3E938E883EC07D823E54
:109D0000CCCF783E7F9A6C3E135C603E0115543E8A
:109D1000C2C5473ECF6E3B3EA2102F3EB5AB223EA2
:109D20008340163E87CF093E73B2FA3D2FBCE13D1A
:109D300036BDC83D80B6AF3D04A9963D752B7B3D31
:109D40002EFB483D2BC3163DB10AC93C920E493C3F
:109D500000000000920E49BCB10AC9BC2BC316BD5D
:109D60002EFB48BD752B7BBD04A996BD80B6AFBD4B
:109D700036BDC8BD2FBCE1BD73B2FABD87CF09BEE9
:109D8000834016BEB5AB22BEA2102FBECF6E3BBE27
:109D9000C2C547BE011554BE135C60BE7F9A6CBE3F
:109DA000CCCF78BEC07D82BE938E88BE229A8EBEF6
:109DB00032A094BE86A09ABEE59AA0BE128FA6BE1F
:109DC000D47CACBEEF63B2BE2A44B8BE491DBEBE51
:109DD00015EFC3BE53B9C9BECA7BCFBE4136D5BE8F
:109DE00080E8DABE4F92E0BE7533E6BEBBCBEBBE79
:109DF000EA5AF1BECBE0F6BE275DFCBEE4E700BF49
:109E00003D9C03BF824B06BF9BF508BF6B9A0BBFFF
:109E1000DA390EBFCDD310BF2A6813BFD9F615BFEC
:109E2000C07F18BFC6021BBFD17F1DBFCBF61FBFAF
:109E3000996722BF25D224BF563627BF159429BF64
:109E40004AEB2BBFDE3B2EBFBB8530BFC9C832BF3C
:109E5000F30435BF233A37BF426839BF3B8F3BBF5E
:109E6000F9AE3DBF67C73FBF70D841BF01E243BFF6
:109E700003E445BF65DE47BF12D149BFF8BB4BBF06
:109E8000029F4DBF207A4FBF3D4D51BF491853BF70
:109E900031DB54BFE59556BF534858BF6AF259BFEE
:109EA0001A945BBF532D5DBF05BE5EBF214660BFE8
:109EB00097C561BF5A3C63BF59AA64BF880F66BF8C
:109EC000D86B67BF3CBF68BFA7096ABF0C4B6BBFAD
:109ED0005E836CBF93B26DBF9ED86EBF73F56FBFCC
:109EE000080971BF521372BF471473BFDD0B74BFF3
:109EF0000BFA74BFC6DE75BF07BA76BFC58B77BFD6
:109F0000F85378BF981279BF9DC779BF02737ABFA3
:109F1000BE147BBFCDAC7BBF283B7CBFC9BF7CBF21
:109F2000AC3A7DBFCCAB7DBF23137EBFB0707EBF8C
:109F30006DC47EBF580E7FBF6D4E7FBFAB847FBFA9
:109F40000FB17FBF97D37FBF43EC7FBF11FB7FBFB4
:109F5000000080BF11FB7FBF43EC7FBF97D37FBF63
:109F60000FB17FBFAB847FBF6D4E7FBF580E7FBFE9
:109F70006DC47EBFB0707EBF23137EBFCCAB7DBFF0
:109F8000AC3A7DBFC9BF7CBF283B7CBFCDAC7BBF9B
:109F9000BE147BBF02737ABF9DC779BF981279BF89
:109FA000F85378BFC58B77BF07BA76BFC6DE75BFDB
:109FB0000BFA74BFDD0B74BF471473BF521372BF2B
:109FC000080971BF73F56FBF9ED86EBF93B26DBFA6
:109FD0005E836CBF0C4B6BBFA7096ABF3CBF68BFF9
:109FE000D86B67BF880F66BF59AA64BF5A3C63BF6E
:109FF00097C561BF214660BF05BE5EBF532D5DBFE3
:10A000001A945BBF6AF259BF534858BFE59556BFD3
:10A0100031DB54BF491853BF3D4D51BF207A4FBF6C
:10A02000029F4DBFF8BB4BBF12D149BF65DE47BF92
:10A0300003E445BF01E243BF70D841BF67C73FBFDC
:10A04000F9AE3DBF3B8F3BBF426839BF233A37BFB4
:10A05000F30435BFC9C832BFBB8530BFDE3B2EBF5E
:10A060004AEB2BBF159429BF563627BF25D224BFF4
:10A07000996722BFCBF61FBFD17F1DBFC6021BBF92
:10A08000C07F18BFD9F615BF2A6813BFCDD310BF44
:10A09000DA390EBF6B9A0BBF9BF508BF824B06BF28
:10A0A0003D9C03BFE4E700BF275DFCBECBE0F6BEEE
:10A0B000EA5AF1BEBBCBEBBE7533E6BE4F92E0BEB3
:10A0C00080E8DABE4136D5BECA7BCFBE53B9C9BE21
:10A0D00015EFC3BE491DBEBE2A44B8BEEF63B2BE73
:10A0E000D47CACBE128FA6BEE59AA0BE86A09ABE56
:10A0F00032A094BE229A8EBE938E88BEC07D82BE50
:10A10000CCCF78BE7F9A6CBE135C60BE011554BE86
:10A11000C2C547BECF6E3BBEA2102FBEB5AB22BE9E
:10A12000834016BE87CF09BE73B2FABD2FBCE1BD16
:10A1300036BDC8BD80B6AFBD04A996BD752B7BBD2D
:10A140002EFB48BD2BC316BDB10AC9BC920E49BC3B
:10A150000000008052533438355461736B000000A6
:10A160004C45445461736B0055495461736B000056
:10A17000494D555461736B0052635461736B000019
:10A180004A756467655461736B00000047696D62CE
:10A19000616C5461736B0000566973696F6E546132
:10A1A000736B0000726D766973696F6E5461736BC7
:10A1B0000000000053757065724361705461736BE9
:10A1C00000000000426565705461736B0000000080
:10A1D00053686F6F7465725461736B004572726F70
:10A1E000725461736B0000004D6F746F7254617331
:10A1F0006B000000436861737369735461736B0093
:10A200004465746563745461736B000064656661D2
:10A21000756C745461736B0038A20108000000244F
:10A220002007000008030008F4A301082007002409
:10A23000B04A02006403000801481E294501087164
:10A24000041A81041AAD041AED041EF544010839FC
:10A2500008411312011402020216408304405726DB
:10A26000020102030114050F0C1C0107101721073E
:10A270001A040309041A03137D111B0879041A3503
:10A28000041AA1041AC504413210194B213C90D084
:10A290000304015B1AAA01C1130A0629BB2A4080E4
:10A2A0001BF13BF44E3901083B3EF0180AC13A015C
:10A2B00008E1380108A514C11A65281A21041AAD4D
:10A2C000041A1104140902431302011DC0320904C7
:10A2D000C91A020B130524161001052401100901E7
:10A2E000042402020524061701070582030815103D
:10A2F00009040133020A2E0705010240072A8107DB
:10A300004481018243401F1CCDCC2C13012A022E14
:10A3100019223F1AC0041A20640A176068180ED860
:10A32000CD0124E9640108F563010889041AD10408
:10A3300041000D458FC2F53C8FC2753C0AD7233CC6
:10A3400008081250C347CDCCCC3D0409531C110B57
:10A350001AC8421C01440219074B40400411590419
:10A360000B14803F1C2918691C3908091134792401
:10A37000091118A914092A30290439847995C918B2
:10A38000A904092AC4691C094AC4A9A8E918E91C36
:10A39000E9C46930E9D06918691C0912E409169CFE
:10A3A000A988A9040120A990E980A984A970A9E03D
:10A3B000011A035AFFFFDB01011071A8093333EBC7
:10A3C0003A58A08B3A18157D04017C100F0240AB5F
:10A3D000034101055308065804070F1608108109A8
:10A3E00011160A15800B16450C18010D03201027B5
:04A3F00003342042D0
:04000005080002CD20
:00000001FF
